Giovanni Ribisi,1
Tuva Novotny,1
Shivatmika Rajasekhar,1
Abraham Attah,1
Om Kanojiya,1
Ayako Kawasumi,1
Shiki Aoki,1
Jimmi Simpson,1
Pål Sverre Hagen,2
Julie Harris,1
Jang Seung-jo,1
Sreenivasan,1
Luis Aguirre,1
Canada,34
Rhea Perlman,1
Goldie Hawn,2
Matt Duffer,1
Ron Perlman,1
Felicity Jones,3
Ved Rao,1
Kari Byron,1
Ilker Aksum,1
Lakshmi Priyaa Chandramouli,1
Haru Kuroki,1
Bae Suzy,1
Karina Razumovskaya,1
Pepón Nieto,1
Hiroomi Tosaka,1
Irina Ivkina,1
Travis McCoy,1
Mary Elizabeth Winstead,1
Monica Dolan,1
Nick Frost,1
Alice Belaïdi,1
Nse Ikpe-Etim,2
Mayur Mahendra Patole,1
Litzy,1
Zita Hanrot,2
Puff Kuo,1
Amanda Abbington,1
Anna-Maria Sieklucka,1
Boris Kutnevich,1
Srilekha Rajendran,1
Josh Wiggins,1
Mike Castle,2
Yael Stone,1
Thanawetch Siriwattanakul,1
Danny Glover,1
Lee Hyun-joo,1
Mollee Gray,1
Ralph Ineson,1
Jung Hae-in,3
Asmaa Lazrak,1
Miranda Richardson,1
Linas Phillips,1
Bruce Willis,7
Lam Yiu-sing,1
Mohamed Ramadan,1
Natalia Dominguez,1
Michael Jai White,2
Jane Bullock,1
Ianis Guerrero,1
Carrie Brownstein,1
Nam Ji-hyun,1
Feng Ku,2
Judd Hirsch,2
Suman Mukhopadhyay,1
Omar Rudberg,1
Gayathri Krishna,1
Oh Na-ra,1
Sacha Baron Cohen,1
Cibi Bhuvana Chandran,1
Gaurav Chakrabarty,1
Metin Akdülger,1
Dragoș Bucur,1
Osas Ighodaro,1
Jun Falkenstein,1
Mike Ezuruonye,1
Masoom Shankar,1
Evelin Dobos,1
Nancy Dupláa,1
Morgan Pehme,1
Teddy Chen,1
Ian Fang Weijie,1
Stephen Merchant,1
Alia Bhatt,3
Henrik Jørgensen,1
Jack Whitehall,1
Tom Clarke-Hill,1
Terry Gilliam,1
Haley Ramm,1
François Cluzet,1
Darby Camp,2
Matías Raygada,1
Francisco Avendaño,1
Willy T. Ribbs,1
Tammy Chen,2
Robert Gustafsson,1
Owen Wilson,1
Thomas Mann,1
Will Poulter,1
Omoni Oboli,3
Alessandra Negrini,1
Thati Lopes,1
Emir Ali Doğrul,1
Stanislas Merhar,1
LL Cool J,1
Charli Birdgenau,1
Yolanthe Cabau,1
Ben Spence,1
Eric Bauza,1
Jet Jurgensmeyer,1
Danny Kaye,1
Lee Hong-chi,1
Emily Neves,1
Andrea Velasco,1
Kunal Kohli,1
DJ Qualls,1
Cam Clarke,1
Engin Altan Düzyatan,1
Marc Menchaca,1
Milo Ventimiglia,1
Richard van Weyden,1
Álvaro Cervantes,2
Lee Ji-eun (IU),1
Iza Moreira,1
Liss Pereira,1
Dr. Dre,1
Karthika Muraleedharan,1
Divyendu Sharma,1
Julianne Moore,5
Gael García Bernal,4
Luo Jin,1
Amanda Ebeye,1
Chris Sheffield,1
Uraz Kaygılaroğlu,1
Şafak Sezer,1
Saurabh Pandey,1
Adam Sandler,1
Mara Bestelli,1
JoBeth Williams,1
Son Ye-jin,1
Ben Whishaw,1
Gary Rossington,1
Mexico,14
Bhoomika Chawla,2
Elias Koteas,1
Paul Dobson,1
Sudhish Kamath,1
Pia Shah,1
Nathan Connolly,1
Malavika Mohanan,1
Evangeline Lilly,2
John Simm,1
Charlotte Le Bon,1
Alva Rogers,1
Enrique Gil,2
Ilse Salas,1
Chiara Zanni,1
Hank Azaria,1
Priyanka Chopra,8
Keira Hewatch,1
Hugh Stewart,1
Toygan Avanoğlu,1
Katie Crown,1
Blake Michael,1
Sandeep Parikh,1
Angel Locsin,1
Retta,1
Rosamund Pike,3
Conleth Hill,1
Lara Pulver,1
Thomas Haden Church,1
Alessandro Nivola,1
Raima Sen,2
Rodrigo de la Serna,1
Fabián Ríos,2
Alex Stapleton,1
Robert Capron,1
Pankaj Tripathi,5
Riva Arora,1
Karisma Kapoor,4
Fernanda Castillo,1
Jared Abrahamson,1
Tiarnie Coupland,1
Zooey Deschanel,1
Victor French,1
Don McKellar,1
Kim Ah-joong,1
Jencarlos Canela,1
Tay Ping Hui,3
Christine Ko,1
Son Songpaisarn,1
Yuki Ono,1
D.L. Hughley,2
Natcha Juntapan,1
Jamal Ibrahim,1
Jordan Rodrigues,1
Yuen Wah,1
Martin McCann,1
Ira Dubey,1
Russell Brand,3
Iwan Rheon,1
Kyle Gass,1
Hannah Fierman,1
Eric Balfour,1
Ayesha Singh,1
Sihle Xaba,1
Elizabeth Hurley,1
Sanam Saeed,1
Sushant Singh Rajput,1
Kürşat Alnıaçık,1
Ina Soep,1
Montana Smedley,2
Ron Yuan,2
Ximena Herrera,1
Krystof Hádek,1
Sonia Sui,1
Kevin Duhaney,1
Íris Tanja Flygenring,1
Jonathan Rhys Meyers,2
Astro,1
Jenny Beacraft,1
Nicolas Duvauchelle,3
Sanjay Suri,2
Judy Marte,1
Winona Ryder,1
Jack Nicholson,1
Ben Diskin,1
Bruno Ganz,2
Leonardo Sbaraglia,2
Harumi Sakurai,1
Sam Elliott,1
Coco Celis,1
Ebele Okaro,1
Andrea Libman,3
RK Bagatsing,1
Amber Valletta,1
Conrad Vernon,1
Faye Dunaway,2
Aditya Roy Kapur,2
Yao Yuan Hao,1
Allison Janney,1
Kanta Sato,1
Suzanne Clément,3
Hazal Türesan,1
Kate Hudson,4
Ryo Narita,1
Simon Paul Mutuyimana,1
Rupert Grint,1
Sally Field,1
Hassan Moustafa,1
Luke Tennie,1
Erica Hubbard,1
Sally Martin,1
Fedi Nuril,1
Ayten Amer,2
Hannah Gadsby,1
Reshma Rajan,1
Ndidi Obi,1
Carsten Bjørnlund,1
Bronson Webb,1
Wallace Huo,1
Payal Rajput,1
Noah Kaye Bentley,3
Karyn Parsons,1
Soledad Villamil,1
Maher Bsaibes,1
Surbhi Jyoti,1
Kat Stewart,1
Vinodhini,1
Trieste Kelly Dunn,1
Aislinn Derbez,5
Antonio Dechent,1
Hisako Kanemoto,3
Brian J. Smith,1
Hasmine Killip,1
Luke Hemsworth,1
Seo Hyun-jin,1
David Bradley,1
Mikołaj Kubacki,1
Clovis Cornillac,1
Michelle Jenner,3
Spain,19
Roman Atwood,1
Nelson Polanía,1
Maïwenn Le Besco,1
Sam Vincent,4
Lance Guest,1
Spruha Joshi,1
Troian Bellisario,1
Flavio Medina,1
Jane Fonda,2
Gisela Ponce de León,1
Teresa Palmer,1
Mahmoud Al Atrash,1
Irmak Örnek,1
Missi Hale,1
Mighty Mark,1
Julian Barratt,1
Kate Hardie,1
Timini Egbuson,1
Adrian Holmes,1
Zahia Dehar,1
Wu Kang-ren,1
Ross Lynch,1
Omar Sy,1
Junji Majima,1
Truc Anh,1
Saori Hayami,2
Kobi Frumer,2
Jordan Fisher,1
Suraj Pawar,1
Bria Vinaite,1
Sydney Scotia,1
Leslie Easterbrook,1
Justin Ray,1
Adair Curtis,1
Jan Lewan,1
Jaime Pressly,1
Robert Powell,1
Liv Lisa Fries,1
Anthony Anderson,4
Nancy Isime,1
Nushrat Bharucha,2
Jesse Richman,2
Nick Stahl,1
Zhao Lusi,1
Thelonious Monk,1
Konkona Sen Sharma,5
Howie Mandel,1
Aziz Ansari,1
Sheila Sim,1
Louis Mandylor,3
Rebecca Spence,1
Georgia,1
Felix Sandman,1
Zafer Abdeen,1
Guo Tao,1
Jasmine Kaur,1
Tatum Marilyn Hall,1
Ari Ozawa,1
Michelle Rodriguez,1
Pedro Pascal,2
India,50
Regina Taylor,1
Ireti Doyle,2
William Moseley,2
Scaachi Koul,1
Ankush Chaudhari,1
Mila Kunis,3
Jordan Chan,1
Frank Mosley,1
Rashmika Mandanna,1
Masha Paur,1
Hana Mae Lee,1
Vanessa Bayer,1
Dong-ho Kang,1
Jessica Brown Findlay,1
Kira Tozer,1
Qi Yu Wu,1
Hui Siu-Hung,1
Catherine Deneuve,1
Guggu Gill,1
TVV Ramanujam,1
Mads Mikkelsen,1
Adam Beach,1
Vinod Kulkarni,1
Subbaraju,1
Brett Hull,1
Rajneesh Duggal,1
Juan Manuel Bernal,1
Charlize Theron,1
Hassan Zaidi,1
Emma Rayne Lyle,1
Michael Smith,1
Andie MacDowell,1
Samantha Schmütz,1
Jon Abrahams,1
Craig Ferguson,1
Michiel Huisman,2
Henry Cavill,2
Bernie Casey,1
Brune Renault,1
Ella Rumpf,1
Rob Morgan,1
Maggie Civantos,2
Susan Ruttan,1
Noah Emmerich,1
Kim Beom,1
Meagan Good,2
Robert Bathurst,1
Lachlan Gillespie,1
Kristin Scott Thomas,2
James Freedson-Jackson,1
Bhalchandra Kadam,1
Ren Ishikawa,1
Jessica Hinds-Mingo,1
Asha Parekh,1
Rajbir Kaur,1
John Sparkes,1
Penn Badgley,1
Juan Valdivia,1
Piper Laurie,1
Lee Se-young,1
Iain McNally,1
Gabriel Iglesias,1
Carl Lee,1
Alice Eve,1
Lily-Rose Depp,2
Bayoumi Fouad,1
Matthew Marsh,1
Francis Manapul,1
Justin Long,1
Khosi Ngema,1
Manjot Singh,2
Elan Garfias,1
Zhao Wei,2
Camila Sodi,1
David Belle,1
Fred Tatasciore,1
Betty Gabriel,1
Odley Jean,1
Nick Swardson,1
Gul Panag,2
Kirsten Dunst,3
Yu-hwan Park,1
Dani Kind,1
Kerry Coddett,1
Komegumi Koiwasaki,1
Roland Vouilloz,1
Keith Carradine,1
Ashleigh Murray,1
David Oyelowo,2
Vanesha Prescilla,2
Moshe Kasher,1
Helen Hunt,3
Lacey Chabert,2
Chitrangada Chakraborty,2
Cristobal Tapia Montt,1
Gabrielle Union,1
Femi Jacobs,1
Robert Hobbs,1
Robinson Díaz,1
Mahmood El-Laithi,1
Jaggi Singh,1
Jake Short,1
Saniyya Sidney,1
Deepa Sahi,1
Freya Mavor,1
Jose Mari Goenaga,1
Jeanne Tripplehorn,1
Lennie James,1
Ryan Hansen,1
Adel Emam,1
Tom Basden,1
Sarah Grey,1
Cristina Castaño,1
Khiyla Aynne,1
Kevin Bacon,1
Vidyadhar Joshi,1
Elham Al Fadalah,1
Hugo Becker,1
Lloyd Griffith,1
Marilou Aussilloux,1
Liza Soberano,3
Taraji P. Henson,1
Irrfan Khan,3
Yutaka Takeuchi,1
Sirin Horwang,1
Bérénice Marlohe,2
Gillian Anderson,2
Frank Langella,1
Chino Darín,2
Medha Manjrekar,1
Lan Ngoc,1
Ana Golja,1
Hiroki Takahashi,1
Zhang Tianai,1
Hakeem Kae-Kazim,1
Ray Fearon,1
Empoy Marquez,1
Hideki Futamura,1
Giorgia Boni,1
Ludovico Tersigni,1
Anitta,1
Chandan Anand,2
Dmitri Davidovich,1
Mihai Constantin,1
Jess Weixler,2
Tom Meighan,1
Hannah Murray,1
Sumalee Montano,1
Bassem Samra,3
Terry Stone,1
Jack Albertson,1
Sam Callis,1
Georges Khabbaz,1
Dylan Haegens,1
Candice Patton,1
Turki Al-Yusuf,1
Sean Bean,1
Kartikeya Gummakonda,1
Eryk Lubos,1
Rotem Keinan,1
Ronjini Chakroborty,1
Emma Stone,1
Lee Ingleby,1
Nono Konopka,1
Saloni Batra,1
Adam Levy,1
Ray Romano,2
Adam Lustick,1
Patrick Brice,1
Agnese Graziani,1
Andy Serkis,1
Jesse Carere,1
Hrishitaa Bhatt,1
Somkele Iyamah,2
Alexx Ekubo,3
Jeff Bridges,2
Charlie Plummer,1
Bex Taylor-Klaus,1
Josiah Gabriel,1
Yuuka Aisaka,1
Wilson Hsu,1
Nassar,1
Lauren Graham,2
Robin Padilla,1
Julia Stiles,2
Sana Althaf,1
Richard Gere,1
Greyston Holt,2
Edward Asner,1
Eric Lange,1
Blue Chapman,1
Natascha McElhone,1
James Cameron,1
Fernando Ramos,1
Mike Epps,1
Alex Gonzalez,1
Emi Takei,1
Ivana Acosta,1
Blanche Gardin,1
Iván Marcos,1
Amey Wagh,1
Jerri Manthey,1
Brad Pitt,3
Carla Gugino,4
Luna Maya,1
Chance The Rapper,1
Ersin Korkut,1
Logan Shroyer,1
U-kwon,1
Karl Urban,2
Matreya Fedor,1
Lara Heller,1
Amanda Seyfried,5
Mohit Raina,1
Awkwafina,1
Lizze Broadway,1
Ryan Ferguson,1
Glenn Close,3
Akiva Schaffer,1
Chris Walley,1
B-Real,1
Prue Leith,1
Lee Sang-yun,1
Jet Li,1
Arieh Worthalter,1
Mrunmayee Deshpande,3
Carlos Santos,1
Tang Jun-sang,1
Shin Hyun-joon,1
Lili Mirojnick,1
Saffron Burrows,2
Shriya Saran,1
Kranti Redkar,1
Kirk Fox,1
Jessica Cressy,1
Van Hansis,1
Jonathan Bailey,1
Amaia Aberasturi,1
Cherie Chung,1
David Niven,1
Brendan Fraser,2
Christine Baranski,1
Swastika Mukherjee,3
Luke Norris,1
Samuel Anderson,1
Carolina Lapausa,1
Darsheel Safary,1
Hetal Gada,1
Sharmila Tagore,1
Meher Vij,1
Aanchal Munjal,1
Andy Samberg,2
Carlos Librado Nene,1
Sean Patrick Flanery,1
Chris Colfer,1
J.L. Reate,1
Simon Pegg,2
Blake Lively,1
Majid Michel,1
Rupert Friend,1
Zac Efron,1
Mehdi Dehbi,1
Jon Lovitz,1
Suzanna Mukherjee,1
Jill Eikenberry,1
Lisa Ann Beley,1
Jaeden Martell,1
Mark Schneider,1
Cristina Rodlo,1
Akshay Kumar,5
Darin Brooks,1
Afra Saraçoğlu,1
Anya Taylor-Joy,1
Jay Gragnani,4
Bérénice Bejo,1
Alec Secareanu,1
Julie Christie,1
Olivia Deeble,3
Bojana Novakovic,1
Karanvir Malhotra,1
Cole Sprouse,2
George Carlin,1
Ahmed Bedir,1
Gracy Singh,2
Adam Hochstetter,2
Sebastián Aguirre,1
Mike Birbiglia,1
Peter Martins,1
Shawn Christian,1
James Spader,1
Matsuri Mizuguchi,1
Molly Parker,2
Marsha Mason,1
JC Santos,1
Mehcad Brooks,1
Monica Dogra,1
Sadao Abe,1
Julián López,2
Jennifer Garner,3
Hannah Ware,1
Ricardo Quevedo,1
Juan Eduardo Colucho,1
Sophie Robinson,1
Sachiin Joshi,1
Ed Harris,1
Julio Bracho,1
Karlie Kloss,1
Robin Wright,2
Roger Craig Smith,1
Benjie Randall,1
Neha Dhupia,1
Robert Tinkler,1
Amy Smart,1
Alan McGee,1
Soha Ali Khan,2
James Maslow,2
Artiwara Kongmalai,1
Jason Genao,1
Akira,1
Kerry Washington,1
Maggie Gyllenhaal,1
Katheryn Winnick,1
Álex García,2
John Ratzenberger,1
Anna Kubik,1
Chad Michael Collins,2
Paul Logan,1
Christopher Meloni,2
Ryusei Yokohama,1
Gbenro Ajibade,1
Meena,1
Mike He,1
Maher Khammash,1
Jaehyo,1
Kavi Shastri,1
Billy Crudup,1
Yuchang Peng,1
Shaana Diya,1
Vincent Tong,11
Mahir İpek,1
Basma Ahmad,1
Evan Deverian,1
Kongtoranin Lalana,1
Rajkummar Rao,3
Saahil Prem,1
Joe Flanigan,1
Lun-Mei Kwai,1
Monica Potter,1
Ed Skrein,4
Bryce Papenbrook,2
Cleo Pires,1
Vir Das,3
Nathalie Kelley,2
Paul Bettany,1
Dylan Sprouse,1
Ikranagara,1
Jason Young,1
Eddie Cibrian,1
Mason Gamble,1
Athiya Shetty,1
Max Charles,2
Theodore Barnes,2
Cooper Barnes,1
Junya Enoki,1
Rishi Kapoor,2
Keir O'Donnell,1
Glen Keane,2
Guiomar Puerta,1
Hugh Masekela,1
Shujoon,2
Sankalp Rastogi,1
Alex Sirvent,1
Ameerah Falzon-Ojo,1
Ally Sheedy,1
Ruby Ashbourne Serkis,1
Kunal Khemu,1
Maya Sansa,1
Robert Krantz,1
Patchanan Jiajirachote,1
Alex Fong,1
Guillaume Kerbush,1
Katie Leung,1
Evany Rosen,1
Nasser,1
Mathieu Demy,1
Salah Abdallah,1
Hassan El Raddad,1
Michael Angarano,1
AnnaLynne McCord,1
Jennifer Waris,1
Park Shin-hye,4
Fairuza Balk,1
Tom Everett Scott,1
Nag Ashwin,1
Alice Dinnean,1
Mathieu Amalric,1
Paulo Avelino,1
Toshihiko Seki,1
Jaya Bhaduri,3
Ade Adepitan,1
Aaron Moorhead,1
Joseph Chang,2
Lee Tae-gon,1
Michael Zegen,1
Kimelia Weathers,1
Mateusz Banasiuk,1
Patricia Clarkson,1
Susi Sánchez,1
Julie Andrews,1
Johnny Huang,1
Renée Zellweger,2
Mosharraf Karim,1
Mansour Al Felei,1
Yise Loo,2
Zoey Deutch,1
Christiane Paul,1
Christina Milian,1
Mackenyu,1
Lillian Michelson,1
Charlene Choi,1
Maiara Walsh,1
Callan McAuliffe,2
Polina Kutepova,1
Saif Ali Khan,8
Amaia Salamanca,2
Chris O'Dowd,3
Emmanuel Rosset,1
Debo Akibe,1
Gil Bellows,1
James Cavlo,1
Heena Parmar,1
Richie Ren,1
Kyle Breitkopf,1
James Purefoy,2
Christian Kane,1
Charlotte De Bruyne,1
Gayatri Joshi,1
Benoît Poelvoorde,1
In Deok Hwang,1
Mike Smith,2
Nadine Marshall,1
Vincent Kartheiser,1
Margarita Valderrama,1
Nicole da Silva,1
Colm Meaney,2
Iván Sánchez,1
Rebecca Shoichet,1
Ball Chernyim,1
Anna Francolini,1
Lara Cox,1
Adam Bessa,1
Hugo Weaving,1
Sara Loren,1
Anajosé Aldrete,1
Eddie Hall,1
J.K. Simmons,1
Mahesh Manjrekar,1
Mía Maestro,1
Kyla Pratt,1
Priscilla Presley,1
Geraldine James,1
Gong Jun,1
Vicky R,1
Alexis Tomassian,1
Kiran Malik,1
Sora Amamiya,3
Ramzy Bedia,1
Sixtine Murat,1
Sakshi Tanwar,1
Shin Hye-sun,1
Fred Ward,1
Paul Brizzi,1
Montse Hernandez,1
Murat Cemcir,1
Fred Melamed,1
Tsubasa Honda,1
John Paul Tremblay,6
Gary Estrada,1
Havish,1
Jide Kene Achufusi,1
Sergi López,1
Jeannettsy Enriquez Borges,1
Chiara Francia,1
Im Si-wan,1
Park Sung-woong,1
Rose Byrne,3
Hannah Van Der Westhuysen,1
Mohamad Chamas,1
Mohan Joshi,2
Julia Jedlikowska,1
Hiroaki Hirata,1
Alison Fernandez,1
Melisa Sözen,1
Chew Kin Wah,1
Jeffrey Garcia,1
Olivier Loustau,1
Lukas Nelson,1
Jessie Li,1
Marie-Sophie Ferdane,1
Chuka Ekweogwu,1
Jemima Osunde,1
Yu Nan,1
Fleur Delahunty,1
Sendhil Ramamurthy,2
Scott McCord,2
Kirill Käro,2
Judith Audu,1
Jodelle Ferland,2
Aissa Maiga,1
Tara Strong,5
Jillian Michaels,1
Opal,1
Erin Allin O'Reilly,1
Ady Putra,1
Jessica Barden,1
Christy Chung,1
Jeremy Piven,1
Ion Fiscuteanu,1
Pok Piyatida Woramusik,1
Tara Deshpande,1
Anastasia Bampos,1
Joel Edgerton,3
Sam Trammell,1
Sarah Natochenny,4
Liza Snyder,1
David Schwimmer,1
Leslie Caron,1
Johan Rockström,1
Mike Colter,2
Parvathy,1
Joel Fry,1
Reggie Watts,1
Sushmita Sen,2
James Callis,1
Alan Saldaña,1
Amar,1
Anil Dutt,1
Thaddea Graham,1
Kıvanç Tatlıtuğ,1
Taylor Kinney,1
Dean Martin,1
André Holland,1
Lyn May,1
Lizzy Caplan,1
Farah Zeynep Abdullah,2
Kristin Davis,2
Dwayne Johnson,1
Kirti Kulhari,1
Paige Turco,1
Jake Abel,1
Ana Fernández,1
Kyung-ho Jung,1
Jim Sturgess,2
Shuichi Ikeda,1
Lauren McNamara,1
Miki Sumiyoshi,1
Samita Bangargi,1
Rio Dewanto,3
Samir Sabri,1
Leslie Chai,1
Corbin Bernsen,2
Julia Kassar,1
Ricky Memphis,1
Twinkle Jaiswal,1
Caleb Landry Jones,1
Brian Muller,1
José Coronado,1
Brian Haner,1
Alice Ziolkoski,1
Lili Reinhart,1
Brian 'Sene' Marc,1
Connor Jessup,1
Jermaine Love,3
Tapsee Pannu,3
Matt Day,1
Rakhee Gulzar,1
Daryl Sabara,1
Natalia Reyes,2
Tina Holmes,1
Kim Tae-ri,2
Peter Meehan,1
Edie Falco,2
Dong-won Gang,1
Mustafa Avkıran,1
Mahesh Kothare,1
Monica Bellucci,1
Usain Bolt,1
Kristoffer Polaha,1
Katie Griffin,2
Zhao Jinmai,1
Kiernan Shipka,2
Madeleine Sami,1
Annemarie Blanco,1
Erin Cahill,1
Rachel House,1
Rajit Kapoor,1
Chrystee Pharris,1
Filipe Bragança,1
Poppy Drayton,1
D.C. Young Fly,1
Kim Seo-hyung,1
Sandeep Varanasi,1
Ryan Merriman,1
Zeynep Çamcı,1
Chad Michael Murray,3
Ko Sung-hee,1
Sang-soon Lee,1
Sammi Cheng,1
Nils d'Aulaire,1
Ludivine Sagnier,1
Pantelis Kodogiannis,1
Tara Morice,1
Bruna Cusí,1
Tamer Hagras,1
Sandra Bullock,1
Sylvester Groth,1
Shaina Magdayao,1
Mariana Treviño,1
Georgia Bradley,1
Liliana de Vries,1
Jean Paul Hage,1
Rob Brown,1
Kangana Ranaut,4
Vanessa Redgrave,2
Trevor Berbick,1
Mayur Vyas,1
Carol Burnett,1
Maaya Sakamoto,3
Chen Jinwen,1
Lee Jun-hyuk,1
Jim Siedow,1
Jason Beghe,1
David Spade,1
Usha Bhandary,1
Esha Gupta,1
Kai Ko,1
Wolfgang Novogratz,1
Ron Funches,1
Reda Kateb,1
Nicola Peltz,1
James Wen,3
Aaron L. McGrath,1
Mireille Maalouf,1
Vijay Kenkre,1
Chris Kattan,1
Songyos Sugmakanan,1
Chris Attoh,1
Dian Sastrowardoyo,3
KiKi Layne,1
Tzi Ma,1
Devyani Dagaonkar,1
Carrie Fisher,1
Tisca Chopra,1
Karina Logue,1
Amber Heard,2
Rodrigo Salinas,1
Tom Fujita,1
Zo In-sung,1
Smita Malhotra,5
Vaidehi Parshurami,1
Jon Kortajarena,1
Angus Macfadyen,1
Denny Sumargo,2
Olivia Bond,1
Devyani Cm,1
Kerry Fox,1
Jessica Walter,1
Philip Mould,1
Chris Wang,2
Emily Blunt,2
Nicholas Galitzine,1
Mikhail Filippov,1
Hey! Say! JUMP,1
Im Soo-jung,1
Lauren Lapkus,2
Gwyneth Paltrow,2
Anthony Padilla,1
Kimberley Nixon,1
Alper Kul,1
Luke Bracey,2
Audrey Tautou,1
Tannishtha Chatterjee,2
Park Hae-joon,1
Mayella Lloclla,1
Deepak Dobriyal,1
Tony Goldwyn,2
Katherine Barrell,1
Min-hyuk Lee,1
Marlon Moreno,2
Rachel Paulson,1
Aisling Bea,1
Marian Álvarez,3
William Hardie,1
John Lithgow,2
Emily Watson,2
Bill Hicks,1
Sophie Thatcher,1
Ia Shugliashvili,1
Sunil Shetty,3
Dul Jaelani,1
Anil Kapoor,1
Mahayotaruk Thiti,1
Anant Mahadevan,1
Choi Kang-hee,1
Mark Wahlberg,1
Sorcha Cusack,1
Sanae Kobayashi,1
Robert Duvall,1
Christopher Russell,1
Erez Tal,1
Zhao Shunran,1
Josh Stewart,1
Cristina Urgel,1
Haoling Li,1
Matilda Lutz,1
Hanan Savyon,1
Samuel West,1
Phan Thanh Nhien,1
S.V. Krishna Shankar,1
Dominic Mafham,1
Darío Grandinetti,1
Radhika Narayan,1
Kate Mara,1
Holt McCallany,1
Kang Ha-neul,1
Michael Peña,4
Genevieve Hegney,1
Leisha Hailey,1
Jeong Hye-ok,1
Joe Mantegna,2
Angela Sithole,1
Phoebe Tonkin,1
Elizabeth Cullen,1
Doc Brown,1
Joseba Usabiaga,1
Justin Fletcher,4
Bee Vang,1
Laysla De Oliveira,1
Rui En,2
Isla Fisher,1
Mary Alice,1
Wu Kang-jen,1
Eric Stuart,1
Rahim Razali,1
Rakul Preet Singh,2
Ivy Latimer,1
Cassandra Morris,3
Richard Madden,1
Bilal Ashraf,2
Emile Hirsch,3
Trey Tucker,1
Yoo Byung Jae,1
Arinzé Kene,2
Sian Taylor,1
Thuy Trang,1
Qi Shu,1
Ashley Bornancin,1
Arshad Warsi,1
Charlie Tahan,1
Louis Koo,4
Chris Wu,1
Shelley Long,1
Austria,1
Érico Brás,1
Ted Raimi,2
China Zorrilla,2
Fabrice Luchini,1
Sanjay Mishra,2
Natalie Dormer,2
Gi Alparone,1
Roman Lutterotti,1
Italy,10
Shantel VanSanten,1
Gregório Duvivier,1
Maisie Benson,1
Elisse Joson,1
Supriya Pathak,1
Richard Coleman,1
Simon Phillips,1
Jai Courtney,2
Kris Holden-Ried,1
Kim Ji-won,1
Lino Musella,1
Karoline Hamm,1
Olivia Molina,1
Neha Sargam,1
Gayathrie,1
Mary-Louise Parker,1
Joanne Peh,2
Sebastián Eslava,1
Byron Squally Vinson,1
Akshaye Khanna,2
Saiyami Kher,2
Tyler Rasch,1
Nobulali Dangazele,1
Joanne Samuel,1
Inori Minase,1
Lautaro Bettoni,1
John Cleese,6
Apinya Sakuljaroensuk,1
Norma Crane,1
Violante Placido,1
Kenneth Branagh,1
Neeraj Kabi,1
Haifaa Adel,1
Kanwaljeet Singh,1
Aslı Enver,1
Thomas Doherty,1
Roy Chiu,1
Ewen Bremner,1
Gong Yoo,1
Charles Bronson,1
Amyra Dastur,1
Emily Cox,1
Chad Connell,1
Maria Yohannan,1
Yehoram Gaon,1
Cornelia Agatha,1
Manpreet Singh,1
Duncan Fellows,1
Ruba Blal,1
Alejandro Peña Arenzana,1
John David Washington,1
Suchitra Krishnamoorthi,1
Liam McIntyre,2
Danica Curcic,1
Aranya Kaur,2
Alie Ward,1
Valentina Bellè,1
Andy Richter,2
Carlos Ballarta,2
Fify Azmi,1
Jon Gupta,1
Parambrata Chatterjee,3
Anthony LaPaglia,1
Lauri Tilkanen,1
Miranda Raison,1
Stephon Marbury,1
Aaron Woolf,1
Joseph Benjamin,3
Kerry Godliman,1
Ah-in Yoo,1
Ghada Adel,3
Maya Washington,1
Jennifer Ehle,1
Nahyun,1
Scarlett Johansson,1
Jung Da-bin,1
Anne Hathaway,1
Pimchanok Leuwisetpaiboon,1
Sam Vincenti,1
Edward James Olmos,2
Bouthayna Al Raesi,1
Haluk Bilginer,3
Abdulmohsen Alnemr,1
Countess Vaughn,1
Magnús Jónsson,1
Nicolas Hope,1
Antara Mali,1
Alysha Deslorieux,1
Mekhi Phifer,1
Shamoon Abbasi,1
Suhasini Mulay,1
Susan Lynch,1
Sofía Niño de Rivera,2
Park Hyung-sik,2
Esai Morales,1
Toshiki Ayata,1
Vidya Balan,5
Vince Marcello,1
Rahul Bose,2
Kate Higgins,6
Chen Liping,2
Chitrangada Singh,2
Jason Saldaña,1
María León,1
Bill Clinton,1
Marcello Tahitoe,1
Joey King,1
Ella Ballentine,1
John Billingsley,1
Seo Ye-ji,1
Siti Saleha,1
Sana Javed,1
Jorma Taccone,1
Nutan Surya,1
Renee Lim,1
Dipti Sati,1
Jurnee Smollett-Bell,1
Javier Botet,1
Sung-woong Park,1
Belén López,1
C. Thomas Howell,1
Humberto Busto,1
Julia Goldani Telles,1
Miley Cyrus,1
Melanie Chandra,1
Anthony Johnson,1
Ashley Rickards,1
Frederick Lau,1
Wunmi Mosaku,1
Thanh Pham,1
Poorna Jagannathan,1
Sam Claflin,1
David Ajala,2
Jeff Garlin,1
Sonakshi Sinha,5
Japan,10
Riley Thomas Stewart,1
Seo Yea-ji,1
Mirai Shida,1
Diya Mirza,1
Candela Peña,2
Neetu Chandra,1
Israel,3
Tatsuhisa Suzuki,1
Trang Le Hong,1
Dutchess Lattimore,1
Jimi Hendrix,1
Ahmed Dawood,2
Taneea Rajawat,1
Parambrata Chattopadhyay,1
Sita Nursanti,1
Karthik Narain,1
Jessamine-Bliss Bell,1
Laïla Marrakchi,1
Bogdan Iancu,1
Jim O'Heir,1
Cecilia Roth,1
Amr Youssef,1
Thibault De Montalembert,1
Graham Chapman,4
Khaled El Sawy,2
Ebiye Victor,1
Chrissie Chow,1
Maisie Williams,2
Arantza Ruiz,1
Janelle Chin,1
Babetida Sadjo,1
Tanwarin Sukkhapisit,1
Alejandro Trejo,1
Ashley Argota,1
Tristán Ulloa,1
Chris Tong,1
Vince Swann,1
Wendy Paulson,1
Mahershala Ali,2
Germaine De Leon,1
Yui Ishikawa,1
Israel Adrián Caetano,1
Lee Jae-wook,1
Mohamed Abdel-Rahman,1
Abhishek Bachchan,1
Trinidad González,1
Fifi Abdo,1
Natasha Dupeyron,1
Tomo Muranaka,1
Mario Lopez,1
Austin Abrams,1
Jamie Foxx,1
Ben Affleck,3
Pedro Armendáriz Jr.,1
Cem Yiğit Üzümoğlu,1
Mateusz Więcławek,1
Moses Storm,1
Akari Kito,2
James Caan,1
Tomoya Maeno,1
Brenton Thwaites,2
Amy Forsyth,1
RuPaul,1
David Sullivan,1
Jade Chou,1
Lulu Wilson,1
Freddie Highmore,2
Fasha Sandha,1
Vidit Kumar,1
Rania Yousef,1
Franco Masini,1
Natalie Desselle,1
Pat Healy,1
Dibyendu Bhattacharya,1
Maaya Uchida,1
Seyneb Saleh,1
Nat Wolff,1
Daniel Grao,1
Arjun Das,2
Lau Ching Wan,1
Zain Khan Durrani,1
Ry Barrett,1
Sue Johnston,1
Jagapathi Babu,1
Edgar Garcia,1
Mavis Fan,1
Ryan Nicodemus,1
Yen Santos,1
Demet Özdemir,1
Azekah Daniel,1
Joe Odagiri,1
Salma Hayek,5
Fábio Porchat,1
Greg Hemphill,1
Mahie Gill,3
Happy Raikoti,2
Amanda Crew,1
Mary Lambert,2
Natalia Valdebenito,2
Pierce Gagnon,1
Eko Fresh,1
Daria Widawska,1
Torrey DeVitto,1
Haifa Hussien,1
Jake Lacy,2
Samyuktha Hegde,1
Nyungsang Bungo,1
Gordon Liu,1
Indrans,1
Kate Murphy,1
Claudia Sulewski,1
Sam Worthington,4
David Arquette,1
Debbie Welsh,1
Hema Malini,3
Chadwick Boseman,1
Diego Luna,2
Cleo Anthony,1
Kevin Eldon,1
Ahmed Rizk,1
Asier Etxeandía,1
Dawn Zulueta,1
Victor Yerrid,1
Gajraj Rao,1
Isha Rikhi,1
Elsa Pataky,1
Parul Gulati,1
Edi Gathegi,1
Guy Loel,1
Damián Alcázar,1
Drake Bell,2
Ali Bee,1
Akihiko Yamashita,1
Lukman Sardi,1
Géza Morcsányi,1
Grant Masters,1
Yuu Aoi,1
Jay Baruchel,3
Tony Jaa,2
John Rhys-Davies,1
Sam Lerner,1
Christopher Martin,2
Jo Wyatt,1
Ma Chi Wai,1
Nawazuddin Siddiqui,1
Ava DuVernay,2
Alexander Koch,1
Aria Shahghasemi,1
Paulo Americano,1
Tom McGrath,1
Song Kang,2
Ashleigh Morghan,1
Grégoire Isvarine,1
Tarun Bajaj,1
Jason Isaacs,1
Lamitta Frangieh,1
Elise Loehnen,1
Numa Perrier,1
Tainá Müller,1
Min-ji Park,1
Nas,1
Hero Fiennes Tiffin,2
Amanda Chou,1
Jerome Flynn,1
Brontis Jodorowsky,1
Riki Lindhome,1
María de Nati,1
Divya Rana,1
Yukari Tamura,1
Allison Munn,1
Lin Yi,1
Nadine Nassib Njeim,1
Fred Durst,1
Go Joon-hee,1
Waad Mohammed,1
Yousra,1
Chinmay Mandlekar,1
Gloria Allred,1
Martín Karpan,1
Erica Mendez,1
Ryo Yoshizawa,2
Mohib Mirza,1
Paran Banerjee,1
Jon Heder,2
Nobuaki Kaneko,1
Mai Selim,1
Donald Glover,1
Radha Bessy,1
Roy Choi,1
Amol Palekar,1
Katee Sackhoff,1
Katlego Danke,1
Hye-jin Han,1
Isabel May,1
Mala Emde,1
Noriaki Sugiyama,1
Neven Madi,1
Paul Sambo,1
Devon Sawa,2
Shintaro Asanuma,1
Tamannaah Bhatia,1
Billy Angel,1
Stanley Tucci,1
Yin Zheng,1
Tony Todd,2
Quincy Jones,2
Heidi Klum,1
Billie Piper,1
Bo Gritz,1
Young-ae Kim,1
Logan Marshall-Green,2
Tracy Gotoas,1
Ashleigh Ball,3
Zoltán Fenyvesi,1
Serdar Gökhan,1
Jacob Bertrand,1
Vuyo Dabula,1
Ashutosh Gowariker,1
Lorena Ramírez,1
Ben Small,1
Elyas M'Barek,2
Aryan Preet,1
Chris Nuñez,1
Tom Hulshof,1
Ryan Bartley,1
Vorarit Fuangarom,1
Sayed Rajab,2
Bo-ra Nam,1
Edilsy Vargas,1
Lucie Boujenah,1
John Roohinian,1
Clark Backo,1
Alban Ivanov,2
Lee Kwang-soo,1
Hussain Al Hosani,1
Percelle Ascott,1
Varun Sharma,1
Ahn Jae-hong,1
Sarah Geronimo,5
plus Whitney Cummings gives suspect dating advice.,1
Shauna Macdonald,1
Golden Brooks,1
Samantha Bee,1
Elisabeth Shue,2
Bob Saget,1
Aïssa Maïga,1
Diane Keaton,2
El Negro Álvarez,1
Angelina Chen,1
Bryan Brown,1
Nicholas Pinnock,1
Kay Smith,1
Curtis Harris,1
Kate Capshaw,1
Alexander Bello,1
Kurt Russell,3
Noureen DeWulf,1
Eden Sher,2
Andrea Cortes,1
Paul Capsis,1
Demet Evgar,1
Tommaso Buscetta,1
Alison Pill,1
Dulce María,1
Misuzu Kanno,1
Jake Busey,1
Ashley Zukerman,1
Alejandro Sanz,1
Wesley Snipes,1
Rodrigo Romero,1
Stephanie Sheh,1
Zhao Yiqin,1
Carlos Enrique Almirante,1
Kasia Smutniak,1
Bradley Hamilton,1
Vinay Forrt,1
Shin Mina,1
Tony Sampson,1
Takanori Iwata,2
Özge Özpirinçci,1
Brian Unger,1
Javier Cámara,1
Lucy Boynton,2
Kim Go-eun,2
Nao Toyama,1
Ninet Tayeb,1
Chris Klein,1
Kristin Booth,1
Jonathan Cohen,1
Will Ferrell,1
Mike Hill,1
Dave Wills,1
Muhanad Al-Hamdi,1
Jackie Shroff,1
Lin-Manuel Miranda,2
Thierry Henry,1
Jeon Yeo-been,2
Diljott,1
Mark Whitten,2
Samantha Mumba,1
Mariano Mucci,1
Niveditha,1
Bruce Dern,1
Craig Stott,1
Alex Aiono,1
Sheng Chiang,1
Anjali Patil,1
Margarita Rosa de Francisco,1
Kim Da-mi,1
Derek Chang,1
Kate Walsh,2
Si Won Ryu,1
Hans Zhang,1
Apoorva Arora,1
Callie Hernandez,1
Clara Lago,2
Dakota Fanning,2
Jorge Luis Moreno,1
Keston John,1
Richard Armitage,1
Yahya Abdul-Mateen II,1
Cinta Laura Kiehl,1
Genevieve O'Reilly,1
Mert Fırat,1
Anthony Hopkins,2
Ram Dass,1
Matt Dillon,1
Aditi Rao Hydari,3
Brad Williams,1
Bongile Mantsai,1
Kao Yun-shuo,1
Sarah Jeffery,2
Jang Do-youn,1
Kellen Goff,1
Cem Yılmaz,1
Bel Powley,1
Kathryn Hahn,2
Jakob Davies,1
Martin Sheen,2
Nate Bargatze,1
Ruth Vega Fernandez,1
Erica Peeples,1
Orián Suárez,1
Jack Foley,1
Tom Cruise,1
Jon Øigarden,2
Josh Charles,2
Neeraj Ghaywan,1
Darrel Guilbeau,1
Paul Freeman,1
Anne Winters,1
Ruth Negga,2
Marieve Herington,1
Jay Ryan,1
Mónica Antonópulos,1
Lee Yoo-young,1
Harold Ramis,1
Sonia Dauger,1
Ranjit Bawa,1
Melia Kreiling,1
Um Sang-hyun,1
Praewa Suthamphong,1
Vic Reeves,1
Sonequa Martin-Green,1
Katie Jarvis,1
Ardell Aryana,1
Natalia Warner,1
Evan Rachel Wood,1
Ming Dao,1
Chandrachoor Rai,1
Juan Manuel Restrepo,1
Joshua J. Ballard,2
Ashley Greene,1
Alicia Banit,2
Jaime Rayo,1
Cho Dal-hwan,1
Nimmi Harasgama,1
Kevin Wotton,1
Koustubh Jayakumar,1
Greta Fernández,1
Graham Phillips,2
Tia Mowry-Hardrict,4
Caleb McLaughlin,1
Fred Testot,1
Maya Rudolph,3
Junichi Suwabe,3
Gaurav Sharma,1
Annie Chen,1
Douglas Smith,1
Bill Nighy,1
Sudhanshu Aggarwal,1
Lara Rain,1
Joseph Gordon-Levitt,1
Thomas Scimeca,1
Jason Flemyng,1
Jitendra Kumar,1
Shilpa Shukla,1
Sydney Park,1
Luis Eduardo Arango,1
Irfan Khan,1
Jane Krakowski,3
Manaka Iwami,1
Julie Johnson,1
Carolina Acevedo,1
Mona Wasef,1
Daniel Hopwood,1
Mark Cuban,1
Natalie Martinez,1
Alyson Kiperman,1
Keri Russell,1
Stellan Skarsgård,2
Dan Payne,1
Priyanshu Painyuli,1
Ethan Finlan,1
Belén Soto,1
Nat Faxon,2
Mike Secher,1
Gamon Kaai,1
Angira Dhar,1
Rob Heaps,1
Brendan Mullins,1
Brittany Snow,1
Kiran Raj,1
Alberto Escobal,1
Yoko Hikasa,3
Chloë Grace Moretz,2
Richard Karn,1
Felix Starck,1
Yu Jun-sang,1
Alain Hernández,1
Seema Pahwa,1
Slavoj Zizek,1
Héctor Bonilla,1
Thaila Ayala,1
Daniel Levy,1
Jeff Gill,1
Carter Hastings,1
Paresh Rawal,3
Randy McDowell,1
Steve Buscemi,1
Michael Brons,1
Ron Howard,1
Eun-bin Park,1
Leon Jay Williams,1
Vadhir Derbez,1
Sam Sarpong,1
Martin Freeman,3
Vitória Falcão,1
Ken Watanabe,2
Sharifah Amani,2
Reina Kondo,1
Shaun Chen,2
Maya Ali,1
Elvin Ng,1
Carlos Torres,2
Blossom Chukwujekwu,3
Johan As'ari,1
Gurpreet Guggi,3
Gina Piersanti,1
Sarah Wayne Callies,1
Ellie Duckles,1
Wyatt White,1
Adrian Moore,1
Malcolm Goodwin,1
Steve Coogan,1
Masami Kosaka,1
Ileana D'Cruz,1
Madeline Leon,1
Zofia Cegiełkowa,1
Adam Tuominen,1
Mario Casas,3
Christina Hendricks,1
Carlos Alazraqui,1
John Travolta,4
Diego Capusotto,1
Joey Bada$$,1
Rick Warden,1
Maciej Musiał,1
Clara Voda,1
Lucas Lynggaard Tønnesen,1
Charlie Dizon,1
Oscar Nuñez,1
Deborah Mailman,1
Aenie Wong,1
Bindiya Goswami,1
Hunter Clancey,1
Nancy Kim,1
Elvira Mínguez,1
Piaa Bajpai,2
Manikandan,1
South Korea,6
Alexis Sánchez,1
Ian McShane,1
Dennis Mojen,1
Hassan Hosny,4
Zazie Beetz,1
Fernando Sanjiao,1
Bea Alonzo,3
Herizen Guardiola,1
Gabby Clarke,1
Vivian Duarte,1
Mai Ezzidine,1
Emily Beecham,1
Gino Anthony Pesi,1
Chandler Canterbury,1
Kanako Mitsuhashi,1
Nicole Theriault,1
Aaryan Menon,1
İbrahim Çelikkol,1
Rendy Ahmad,1
Emmanuel Kabongo,1
Björn Thors,1
Lena Headey,3
Valin Shinyei,1
Mamata Shankar,1
Barbara Hershey,1
Hsieh Ying-xuan,1
Bo Burnham,2
Andrés Pazos,1
Oscar Martínez,3
Kelly Sheridan,1
Ken Hung,1
Catherine Siachoque,2
Tina Mba,1
Maggie Grace,1
Alex Marty,3
Brandon P. Bell,1
Jonathan Scarfe,1
Johan Heldenbergh,1
Jamorn Kijsawapak,1
Yuhko Kaida,1
Bradley James,1
Vietnam,1
Paulina García,2
Brett Zimmerman,1
Bijesh Jayarajan,1
Joko Winterscheidt,1
Jake Johnson,1
Jack Black,2
Astrid Bergès-Frisbey,1
Micha Lescot,1
Ivan Oganesyan,1
Eddie Albert,1
Jessica Alba,3
Eric Duguil,1
Kip Andersen,1
Mourad Zaoui,3
Charles Dance,1
Elise Schaap,1
Gretchen Mol,1
Jeri Ryan,1
Seung-un Hwang,1
Alia Shawkat,1
Karen Slater,1
Rob Collins,1
Elizabeth Lail,1
David Bueno,1
Dolly Shahin,1
Meenakshi Sheshadri,1
Caitlin Fitzgerald,1
Kana Hanazawa,5
David Holt,2
Ben Kingsley,3
Miyuki Sawashiro,1
Mohamed Alkendi,1
Miguel Bernardeau,1
Abigail Breslin,2
Nick Nolte,1
Dylan McDermott,1
Fan Wei,1
Mackenzie Sol,1
Nobuhiko Okamoto,1
Kate Mulgrew,1
Naomi Watts,4
Prasad Purandhare,1
Adam Gussow,1
Zeenat Aman,3
Gérard Darmon,1
Aishwarya Rai Bachchan,7
Brennley Brown,1
Alice Ko,3
Bob Ross,1
Abbie Cornish,1
Shakil Imtiaz,1
Bianca Comparato,2
Javier Rey,2
Rutina Wesley,1
Singapore,2
Chanon Santinatornkul,1
Álex González,1
Bradley Cooper,1
Shizuka Ito,1
Yuina Kuroshima,1
Nelsan Ellis,2
Sajal Ali,1
Michael Ronda,1
Ben Platt,1
Jonathan Patrick Moore,1
Kat Dennings,1
Matthew Sakimoto,1
Waleed Zuaiter,1
Teddy Cole,1
Kjersti Tveterås,1
Amy Ryan,1
Davina Leonard,1
Janina Fautz,1
Sagarika Ghatge,1
Jayma Mays,1
Luis Brandoni,1
Yulia Snigir,1
Roger Narayanan,1
Debbie Reynolds,1
Keith Wickham,2
Jean-Pierre Marielle,1
Zayed Khan,1
Antonia Truppo,1
Lee Je-hoon,2
Helena Bonham Carter,2
Pat Cusick,1
Arab Khalid,1
Andrzej Mellin,1
Cezmi Baskın,1
Jorge Zabaleta,1
Yasin Houicha,1
Shiro Saito,1
Seann William Scott,2
Bobby Simha,1
Ainy Jaffri,1
Arjun Kapoor,3
Ossie Davis,1
Phillip Choi,1
Park Jung-min,1
Michał Lupa,1
Focus Jirakul,1
Alyson Leigh Rosenfeld,2
Amber Chia,1
Tai Bo,1
Timo Nieminen,1
Andrea Grano,1
Kaitlyn Black,1
Rita Pokk,1
Edouard Baer,1
Jenni Melear,1
Katarzyna Piasecka,1
Reign Edwards,1
Janine Chang,1
Magnus Krepper,1
M・A・O,2
Regina Hall,1
Rano Karno,1
Ritika Badiani,1
Liu Ye,2
Ashish Sharma,1
Steven Mackintosh,1
Charlie Barnett,1
Hong Yan-xiang,1
Liu Yi,1
Jenovéfa Boková,1
Dean Geyer,1
Namkoong Min,1
Parineeti Chopra,1
Jules Wojciechowski,1
Giovanna Alparone,2
Lars Eidinger,1
Zitao Huang,1
Harsh Mayar,1
Jonas Strand Gravli,1
Ellie Reed,1
Melanie Lynskey,1
Kazumi Evans,2
Lucas Bryant,1
James McAvoy,2
Juan Sebastián Gutiérrez,1
Rob Schneider,1
Dane DeHaan,1
Ann Eleonora Jorgensen,1
Chris Tucker,1
Broden Kelly,1
Pablo Echarri,1
Dhruv Ganesh,1
George Clooney,1
Kyung-gu Seol,1
Piper Perabo,1
Zendaya,1
Vincent Lacoste,1
Michelle Yeoh,1
Dave Franco,3
OC Ukeje,1
Shafin Karim,1
Jovial da Lopez,1
Luca Lionello,1
Patricia Arquette,1
Geetanjali Thapa,1
Andrea Riseborough,3
Jameson Blake,1
Sam Rockwell,1
Alexandra Peters,1
Sanchari Vijay,1
Gillian Jacobs,1
Ibrahima Gueye,1
Nina Hoss,1
Luise Befort,1
Chen Ke Mei,1
Chris Noth,1
Long John Baldry,1
Faten Hamama,1
Abdel Moneim Amayri,1
Erika Christensen,1
Govinda,2
Vanessa Morgan,2
Jeffrey Combs,1
Yoon Kye-sang,1
Rihanna,1
Eriq Ebouaney,2
Michael Pitt,1
Topher Grace,2
Jeff Dunham,1
United Kingdom,192
Seána Kerslake,1
Daniel Lissing,1
United Arab Emirates,3
Trina Braxton,1
Ali Larter,2
Gautam Karthik,1
Park Yoon-hee,1
John Cusack,2
Juno Temple,1
Betty Gilpin,1
Zeynep Koçak,1
Alan Tudyk,1
Médina El Aidi-Azouni,1
Makoto Hanafusa,1
Jay Pharoah,1
Xand van Tulleken,1
Michael Eklund,1
Zane Holtz,1
Ryan Gosling,1
Nadiya Hussain,1
Roberto Enríquez,1
Kana Ichinose,1
Herjunot Ali,2
Nick Thune,1
Rory O'Malley,1
Gabriel Santana,1
Anson Mount,1
Samantha Scaffidi,1
Nassim Lyes,1
Pitchanart Sakakorn,1
Ana Claudia Talancón,2
Sharifah Aryana,1
Ngaio Bealum,1
Wang Baoqiang,1
Lisa Vidal,2
Xan Cejudo,1
Abhishek Banerjee,1
Panisara Montharat,1
Mikako Komatsu,2
Malavikka,1
Aoi Nakamura,1
Biju Sopanam,1
Suchita Trivedi,1
Carla Hall,1
Allen Ginsberg,1
Johnny Lu,1
Amanda Peet,1
Diego Cadavid,1
Leslie Carrara-Rudolph,1
Hiro Shimono,1
Ibrahim Al-Harbi,1
Ahmad Wafiq,1
Edgar Ramírez,2
Shiney Ahuja,1
Dae-Myung Kim,1
Elena Solovieva,1
Supanart Jittaleela,1
Ranvir Shorey,3
Mohamed Mamdouh,2
Martina Gedeck,2
Jimmy Hibbert,1
Lina Cardona,1
Mario Moran,1
Anna Camp,2
Lebanon,3
Jass Bajwa,1
Taylor Lautner,1
Jean-Claude Van Damme,2
Christine Meltzer,1
Penélope Cruz,1
Shikoo,1
Sanaa Younes,1
Imogen Poots,2
Nadia de Santiago,1
Olka Szczęśniak,1
Natalya Sumskaya,1
Radhika Madan,1
Anthony Edwards,1
Itsaso Arana,1
Jules De Jongh,2
Nacho Fresneda,1
Adèle Exarchopoulos,1
Neeru Bajwa,2
Jacqueline McKenzie,2
Silje Torp,1
O.C. Ukeje,2
Rita Moreno,1
Toni Tones,1
Russell Hodgkinson,1
Ani Hovhannisyan,1
Diane Aractingi,1
Joan Cusack,2
Karen Strassman,2
Chase Ellison,1
Park Hye-su,1
Omee,1
Dobrina Liubomirova,1
Cho Min-soo,1
Suki Waterhouse,1
Kathryn Bernardo,2
Akemi Okamura,1
Adam Demos,1
Doug Haley,1
Hunter Parrish,1
Minami Tsuda,1
Sulakshana Pandit,2
Minnie West,1
Lucy Loken,1
Indira Nascimento,1
Letizia Denise Bloisi,1
Bonnie Hunt,2
Finn Roberts,1
Drew Aaron,1
Ko Kyung-pyo,1
Izzy G.,1
Annie Sundberg,1
JM de Guzman,2
Mark Ruffalo,2
Aeril Zafrel,1
Ray Chang,1
James Marsden,2
Julie Estelle,1
Brad Dourif,1
Edwin Hodge,1
David Batra,1
Daniel Brühl,2
Vaibhav Raj Gupta,1
Toni Gómez,1
America Ferrera,1
Vishal Sharma,1
Alex Vincent,1
Hailee Steinfeld,1
Kim Jae-uk,2
Magda El-Khatib,1
Adriana Ugarte,1
Benjamin Walker,1
Luke Wilson,2
Garret Dillahunt,1
Atsadaporn Siriwattanakul,1
Chutimon Chuengcharoensukying,1
Craig Roberts,1
Arlete Bombe,1
Hani Furstenberg,1
Richard Harrison,1
Shingo Kato,1
Menashe Lustig,1
Ariyo Wahab,1
Kevin Hart,3
Shalini Mohan,1
Ilham Shaheen,1
T.C. Stallings,1
Erik Johansson,1
Mayté Cordeiro,1
Carrie Savage,1
Gopal Dutt,1
Michael Kenneth Williams,2
Jamie Kennedy,2
Mumtaz Sorcar,1
Jenna Davis,1
Marlon Brando,1
Antony Del Rio,1
İrem Sak,1
Apoorva Soma,1
Glynn Turman,1
Sandrinna Michelle,1
Hilary Swank,2
Anne Heche,2
Sean CW Johnson,1
Iliana Zabeth,1
Ricardo O'Farrill,2
Brytni Sarpy,1
Israel Houghton,1
Trimala Adhikari,1
Logan Miller,1
Khalid Abdalla,1
Julie Maddalena,1
Josh Ostrovsky,1
Ike Barinholtz,1
Sharon Ooja,1
Bobby Robson,1
Sean Penn,3
Nick Robinson,2
Morgan Fairchild,1
Olivia Scott Welch,1
Craig Robinson,1
Dean Winters,1
Liev Schreiber,1
Kat Graham,1
Thailand,4
Oris Erhuero,1
Lung Ti,1
Dhanu Gowda,1
Tomasz Jachimek,1
Esmeralda Pimentel,1
Rhea Seehorn,1
Ritu Varma,1
Soubin Shahir,2
Joey Starr,1
Mehmet Günsür,1
Julie Benz,2
Abir Chatterjee,1
Tarık Akan,1
Martina Gusmán,1
Ian McKellen,2
Neha Pawar,1
Hiiro Ishibashi,1
Jodi Benson,1
Joseph Zeng,1
Lotte Verbeek,1
Dom DeLuise,1
Kelly Rutherford,1
Joan Allen,1
Ümit Bülent Dinçer,1
Ahmed Saif,1
Makrand Deshpande,2
César Manjarrez,1
Toru Furuya,3
Oliver Jackson-Cohen,1
Jacky Cheung,1
Julia Ormond,1
Neville Archambault,1
Ye-ri Han,1
Davika Hoorne,1
Lika Berning,1
Samuel Abiola Robinson,1
Sérgio Cantú,1
Anna Kendrick,1
Alka Amarkant Dubey,1
Mamoru Miyano,4
Mati Diop,1
Sunny Leone,2
Luke Bilyk,1
Jason Schwartzman,1
Daniel Diemer,1
Jim Broadbent,3
Shannon Chan-Kent,3
José María de Tavira,1
Şafak Pekdemir,1
Seu Jorge,1
Shu Qi,1
Angelababy,1
Rodrigo Eba,1
Nur Fazura,1
Roxanne Benjamin,1
George Sample III,1
Melissa Sophia,1
Olga Kurylenko,2
Shota Shimoda,1
Ambrose Hui,1
Aditi Sharma,1
Brendan Scannell,1
Tom Kenny,2
James Landry Hébert,1
Jonathan Pryce,2
Tusshar Kapoor,3
Omowunmi Dada,1
Philip Glasser,1
Gastón Pauls,1
Omkar Das Manikpuri,1
Dong-seok Ma,1
Vijay Varma,1
Claude Rich,1
Jeremy Bulloch,1
Don Cheadle,3
Miguel Ángel Solá,1
Denzel Washington,4
Alexandra Daddario,2
Anu Menon,1
Marc Jarousseau,1
Hugh Jackman,3
Paul Dano,2
Paul Walker,1
Justice Smith,1
Fábio Assunção,1
Jacqueline Fernandez,2
Barkhad Abdi,1
Dylan Xiong,1
Jude Law,2
Aahana Kumra,2
Edmilson Filho,2
Jorge Bosch,1
Dennis Lindsey,1
Emily Bauer,1
Yann Gael,1
William Shatner,1
Soki Matsumoto,1
Ewa Krzyżewska,1
Ayumi Fujimura,1
Donia Maher,1
Jake Weber,1
Lukáš Pavlásek,2
Switzerland,1
Cindy Crawford,1
Miles Koseleci-Vieira,1
Kate Winslet,4
Alexandra Harris,1
Akansha Ranjan Kapoor,1
Bertie Carvel,2
David Warner,1
Sanket Mhatre,1
Gautham Vasudev Menon,1
Fabian Svegaard Tapia,1
Anne Reid,2
Jiro Wang,1
T.J. Power,1
Blanca Lewin,1
Venezuela,2
Natasha Lyonne,1
Khairiah Abulaban,1
Se-yoon Yoo,1
Jorge Clemente,1
Camilla Luddington,1
Carmen Machi,1
Mario Cimarro,1
Madeline Weinstein,1
Christian Tappan,1
Mariam Precious Sanusi,1
Ashleigh Sumner,1
Motoko Kumai,1
David Meadows,1
Sophie Landresse,1
Girish Kulkarni,2
Bob Rubin,1
Hunter Deno,1
Aydan Taş,1
John Le Mesurier,1
Richard Spencer,1
Nandana Sen,1
Steve Downes,1
John Saxon,1
Mawin Taweephol,1
Elijah Canlas,2
Ashok Banthia,1
Sabrina Sato,1
Ken Jeong,1
Marston Sawyers,1
Caleel Harris,1
Gemma Arterton,1
Mariya Ise,1
Kristen Stewart,3
Daniel Dantas,1
Jason Wang,1
Sergio Hernández,1
Pippa Haywood,1
Edward Holcroft,1
Samiksha Singh,2
Ana Julia Yeyé,1
Kathrine Thorborg Johansen,1
Mohammed Aly Rizk,1
Ryan Reynolds,2
Megan Boone,1
Samiha Ayyoub,1
Obba Babatundé,1
Jacky Bhagnani,1
Tiffany Tang,1
Karen Maine,1
Michael Aloni,1
Carman Lee,1
Callan Mulvey,1
Rohit Kokate,1
Shawn Pilot,1
Xu Qing,1
Shahad Alahmari,1
Luke Mably,1
Anna Pniowsky,1
Sarah Baker,1
François Arnaud,1
Nick Cheung,1
Cheng Jen-shuo,1
Yılmaz Erdoğan,1
Sarah Stiles,1
Carlos Salazar,1
Antoinette Turk,1
Sally Hawkins,1
Nobuyuki Suzuki,1
Anthony Mackie,3
So Joo-yeon,1
Emma Watson,1
Laila Ezz El Arab,1
Akito Kiriyama,1
Ryo Kato,1
Victoria Baldesarra,1
Kenny Lucas,1
Tara Reid,1
Horeya Farghaly,1
Adam Goldberg,1
Elozonam Ogbolu,1
Eric André,1
Hayley Atwell,1
Ben Stiller,3
Craig Francis,1
Jackson Nicoll,1
Dejumo Lewis,1
Seth Green,1
Lisa Durupt,1
Harold Prince,1
Riccardo Scamarcio,1
Joe Manganiello,1
Kang So-ra,2
Dolly Singh,1
Akshay Pendse,1
Jamie Davis,1
Jun Jong-seo,1
Chien Sun,1
Amalie Næsby Fick,1
Jorge Blanco,1
Sergio Bustamante,1
Aaron Paul,3
Ed Oxenbould,1
Laila Elwi,1
Jacques Torres,2
Lars Mikkelsen,1
Laurent Capelluto,1
Amelia Haberman,1
Kylie Jefferson,1
Lauren German,1
Maciej Zakościelny,1
Paris Intarakomalyasut,1
Simon Yam,1
Yuvika Chaudhry,2
Philippine Leroy-Beaulieu,1
Matt Lanter,1
Joke Silva,2
Keke Palmer,1
Ariana Greenblatt,1
Yalany Marschner,1
Kate McCafferty,1
Nirina Zubir,2
Daniel Bacon,1
Michelle Williams,1
Emmy Rossum,2
Mandy Wei,2
Ai Kayano,6
Harlem Globetrotters,1
Ginés García Millán,2
Elias Holmen Sørensen,1
Trond Fausa,1
Marina de Tavira,1
Mackenzie Foy,2
Alexander Scheer,1
Juanita Ringeling,1
Riley Smith,1
Linda Kozlowski,1
Masako Sugaya,1
Chico,1
Dev Patel,1
Darren Muselet,1
Muhammad Ali,1
Michał Bajor,1
Mini Tsai,1
Alexa Torrington,1
Raashi Khanna,1
Meryem Uzerli,1
Nigeria,3
Willem Dafoe,5
Emily Rudd,1
Robert Patrick,1
MacKenzie Porter,1
Paulo Costanzo,1
Daniel Sosa,2
Laraine Newman,1
Dolly Wells,1
Omar Epps,2
Christina Marie Moses,1
Khaled El Nabawy,1
Trupti Toradmal,1
Sidharth Malhotra,2
Yetunde Oduwole,1
Sad Al-Saghir,1
Eliza Dushku,1
Timothy Olyphant,1
Eric Idle,3
Dylan Walsh,1
Jella Haase,1
Takahiro Sakurai,6
Pete Postlethwaite,1
Javed Jaffrey,2
Marcial Tagle,1
Montana Manning,1
Jon DeVries,1
Arjun Rampal,3
Greg Young,1
Harvey Keitel,4
Brendan Gleeson,4
Mithila Palkar,2
Hayley Law,1
Sam Keeley,1
Laura Laprida,1
Te-Lo Mai,1
Fahadh Faasil,1
Grant Korgan,1
Najwa Nimri,1
Jeremy Levy,1
Priya Bapat,1
Steve Guttenberg,1
Korapat Kirdpan,1
Naseeruddin Shah,5
Ximena Romo,2
Yeo Jin-goo,2
Tom Van Steenbergen,1
Macon Blair,1
Anurag Kashyap,2
Mike Nawrocki,2
Ruby Barnhill,1
Luke Kenny,1
Junaid Zeineldine,1
Amparo Grisales,1
Leon Thomas III,1
Will Patton,1
Iggy Pop,1
Victoria Song,1
Bimby Aquino-Yap,1
Colin O'Donoghue,1
Phoenix Ezendu,1
Gregory Smith,1
Justin Chon,2
James Remar,1
Kelsey Grammer,1
Sela Ward,1
Robert Shaw,1
Josh Dallas,1
Chen Yu,1
Mallika Sherawat,1
Zhang Ziyi,1
Kana Ueda,1
Dave Johns,1
Maudy Koesnaedi,1
Deng Lun,2
Alex Dobrenko,1
Jaheem Toombs,1
Roopa Bhimani,1
Janel Parrish,1
Julianne Buescher,1
Radha Mitchell,1
Kathy Baker,1
Bailee Madison,2
Adan Canto,1
Song Ji-eun,1
Alexandra Jiménez,3
Lukas Haas,1
Art Wolfe,1
José Gimenez Zapiola,1
Patrick Diabuah,1
Maggie Cheung,2
John Early,1
Daniel Aráoz,1
Anna Castillo,1
Andy Garcia,1
Robert Gant,1
Craig Fairbrass,1
Yu-mi Jung,1
Jean Yoon,1
Yootha Wong-Loi-Sing,1
Rebecca Lim,2
Fionn Walton,1
James Buckley,2
Justin Fashanu,1
Sathyaraj,2
Adrian Pang,1
Ademola Adedoyin,2
Maddie Phillips,1
Della Dartyan,1
Ashley Olsen,1
Preeti Desai,1
Marianne Sägebrecht,1
Shreya Reddy,1
Nauheed Cyrusi,1
Vinessa Shaw,1
Brian Hallisay,1
Segun Arinze,1
Gilad Kahana,1
Erik Ewers,1
Pat Morita,3
Chen De-xiu,1
Souheir El Morshidy,1
Elsa Zylberstein,1
Elena Kazan,1
Alexis de Anda,1
Rutger Hauer,1
Don Lake,1
Shahid Kapoor,2
Shahana Goswami,2
Louie Simmons,1
Gulshan Grover,1
Edward G. Robinson,1
Karim Benzema,1
Cho Seung-woo,1
Bill Skarsgård,1
Jamie Dornan,1
Scott Keiji Takeda,1
Hayden Connett,1
Tomoyo Kurosawa,2
May Kassab,1
Jiang Shuying,1
Girish Karnad,1
Cathy Moriarty,1
Chioma Omeruah,1
Ananda Everingham,1
Donald Moffat,1
Yoshimasa Hosoya,4
Christine Allado,1
Luis Callejo,1
Vikrant Massey,2
Leslie Jones,2
Eduardo Noriega,1
Scott Caan,1
Neelam Muneer,1
Matleena Kuusniemi,1
Aimée Sayah,1
Sophie Marceau,1
Martin von Hildebrand,1
Daniella Monet,1
Kevin Stone,1
Yiddá Eslava,1
Cynthia Smith,1
Sophie Mousel,1
Jibrail Rajhula,1
Cha Seung-won,1
Natasha Henstridge,1
Tabitha St. Germain,1
Priyaa Lal,1
Robert Downey Jr.,2
Renata Toscano,1
Timothy Ware-Hill,1
Mohamed Saad,1
Rekha,2
Kenneth Okolie,1
Tarun Khanna,1
Pathy Dejesus,1
Kumail Nanjiani,1
Genevieve Nnaji,1
Ning Jing,1
Jhataleka,1
Bharat Jadhav,2
Sofian Khammes,1
Caroline Quentin,1
Mahima Chaudhry,1
Naglaa Badr,1
Jim Caviezel,1
Reham Kassar,1
Karol Modzelewski,1
Alain Frei,1
Anthony Bourdain,1
Zhang He,1
Haydn Gwynne,1
Daniella Rahme,3
Saúl Lisazo,1
Kimberly Brooks,1
Richard Mofe-Damijo,4
Kaitlyn Leeb,1
Josh Duhamel,2
Ben Rosenfield,1
Fabiana Medina,1
Katrina Kaif,7
Travis Turner,1
Fatima Al Safi,1
Demián Bichir,1
Rachael Taylor,1
Harrison Houde,1
Iria del Río,1
Karen Allen,1
Berta Vázquez,1
Timothy Hutton,1
Óscar Jaenada,1
Pakistan,1
Rajesh Tailang,1
Skylar Astin,1
Anne Archer,2
Sarah Lind,1
Eugene Jensen,1
Archit Deodhar,1
Nusrat Imroz Tisha,1
Jiang Guangtao,1
Nicholas Hoult,4
Minka Kelly,1
Warwick Davis,1
Nam Joo-hyuk,4
Patrick Wilson,2
Hanna Chan,1
Zoey Siewert,1
Mirella Pascual,1
Michael Goguen,1
Asha Sarath,1
Amruta Subhash,1
Jack Tan,2
Laurence Llewelyn-Bowen,1
Sunnyi Melles,1
Leonardo DiCaprio,1
Jamie-Lynn Sigler,1
Martin Short,1
Jackie Clune,1
Huma Qureshi,1
Mahsun Kırmızıgül,1
Elena Purea,1
Tyler Ross,1
Lily Tomlin,1
Gaia Bermani Amaral,1
Courtney B. Vance,1
Saeed Akhtar Mirza,1
Riho Yoshioka,1
Harry Van Gorkum,1
Cary Elwes,1
Varun Dhawan,1
Bipasha Basu,1
Mara Derwent,2
Ata Demirer,3
Prit Kamani,1
Marton Csokas,2
Patrick Swayze,1
Raline Shah,1
Ana Layevska,2
Jodie Sweetin,1
Patrick Osborne,1
Birce Akalay,1
Ravel Cabral,1
Anirudh Tanwar,1
Yang Jeong-hwa,2
Max Riemelt,1
So-min Jung,1
Logan Edra,1
Nacho Sánchez,1
Andrés Parra,1
Zachary Levi,1
Peter Ho,3
Marcus D'Angelo,1
Simon Russell Beale,1
Miki Esparbé,1
Stella Chung,1
Jafra Younes,1
Jim Henson,1
Justina Machado,1
Orlando Seale,1
Luke Evans,1
Jordu Schell,1
Khaled Abol Naga,1
Genneya Walton,1
Soori,1
Caitlin Carmichael,1
Randhir Kapoor,1
Chanelle Peloso,1
Callan Potter,3
Hyun-moo Jun,1
Rachael Dickson,1
Han Ji-min,1
Demet Akbağ,4
Benjamín Vicuña,1
Francisco Ruiz Velasco,1
Celina Martin,1
Harry Benson,1
Lili Simmons,1
Tomokazu Sugita,2
Nicollette Sheridan,1
Lauren Tsai,1
Mook Worranit Thawornwong,1
Jason Marnocha,3
Will Smith,2
Jennifer Connelly,1
Bea Hayden Kuo,1
Nia Roam,1
Ingrid Silva,1
Priya Raina,1
Jorge A. Jiménez,1
Kriti Sanon,2
John Cygan,1
Julieta Zylberberg,1
David Rysdahl,1
Revalina S. Temat,1
Jeanne Goursaud,1
Anushka Sharma,1
Misty Upham,1
Jacqueline Bisset,1
Mark Ghanimé,1
Ethan Juan,1
Peter Facinelli,1
Amy van der Weerden,1
Merlvin Mukhim,1
Aadarsh Balakrishna,1
Juhi Chawla,4
Anjelah Johnson-Reyes,1
Christian Potenza,1
Russia,2
Clea DuVall,2
Simeon Henderson,1
Franca Valeri,1
Lee Na-young,1
André Luiz Frambach,1
James Corden,1
Ricardo Polanco,1
Magdalena Popławska,1
Sandra Mae Frank,1
Seychelle Gabriel,1
Beth Lacke,1
Adrien Brody,2
Horacio García Rojas,1
Verónica Forqué,1
Julian Dennison,1
Toni Salgado,1
Melissa Benoist,1
Bhagyashree,1
Angel Parker,1
Takuya Eguchi,1
Yoo Yeon-seok,1
Sophia Loren,2
Ni Ni,1
Shane West,1
Paula Patton,1
Scott Speedman,3
Jonathan Howard,1
Girish Mohite,1
James Cosmo,1
Rita Dominic,1
Nick Hounslow,1
Noël Wells,1
Bryony Hannah,1
Joey Wells,1
Disha Patani,1
Moritz Bleibtreu,2
Carlo Aquino,3
Kim Cattrall,2
Feng Shaofeng,1
Sultan Alkhail,1
Ariana Grande,2
Hae-seong Kwon,1
Steven Sean Garland,1
Jay Mohr,1
Ignacy Liss,1
Jesseca Liu,2
Jennifer Stone,1
Sahil Joshi,1
Carrie Coon,2
Tulip Joshi,1
Omar Wasow,1
Marilyn Lima,1
Junior Roberts,1
Arbaaz Khan,3
Amber Tamblyn,1
Shunya Shiraishi,1
Mamta Kulkarni,1
Jennifer Aniston,3
Emma Thompson,1
Ciara Hanna,3
Fiona Hardingham,1
Kim Dong-wook,1
Vanessa Marshall,1
Kim,1
Ahmet Kural,1
Diego Alonso,1
Asa Butterfield,1
Vinay Sharma,1
Adèle Haenel,1
Jimmy Shergill,2
Alain Prost,1
Bill Hader,4
Prabhu Deva,1
Harry Belafonte,1
Sijoy Varghese,1
Amrita Rao,4
Lee Taylor,1
Jojo Goh,1
Bastián Inostroza,1
Deborah Ann Woll,1
Bhupendra Jadawat,1
Joan Baez,1
Peter Kim,1
Tom Hiddleston,1
Morwenna Banks,1
Rianti Cartwright,1
Aditya Pancholi,1
Taecyeon,1
Gord Downie,1
Shenaz Treasury,1
Josh Peck,1
Yang Se-na,1
Chris Violette,1
Shraddha Srinath,3
Muriel Hofmann,1
Takla Chamoun,1
Chile,1
Sarah Jessica Parker,1
Jason Clarke,1
Mark Webber,1
Frederikke Dahl Hansen,1
Charlie Gillespie,1
Sydney Mikayla,1
Yasser Al Jarraf,1
Denise Richards,1
Patrick Dempsey,1
Chelsea Houska,1
Dhanush,1
Sean P. Diddy Combs,1
Katrine Rosenthal,1
Brad Schmidt,1
Indonesia,1
Urmila Matondkar,3
Greg Kinnear,1
Adam Pally,2
Neil Patrick Harris,1
James Franco,6
Scott Porter,1
Jennifer Beals,1
Arushi Talwar,1
Payel Sarkar,1
Demetri Martin,2
Aftab Shivdasani,1
Nutt Devahastin Na Ayudhya,1
Jeremy Northam,1
Clare Higgins,1
Greece,1
Felicitas Woll,1
Ashwini Bhave,1
Douglas Silva,1
Laura Neiva,1
Billy Zane,2
Laura Bailey,3
Gabriel Chavarria,2
Brad Hyland,1
Terry Scott,1
Zhang Hanyu,1
Jessica Henwick,1
Parvathy Omanakuttan,1
Sarah Chalke,1
Hrishikesh Joshi,1
Kerris Dorsey,1
Alfre Woodard,3
John Beasley,1
Soma Chhaya,1
Amala,1
Funke Akindele,4
Noomi Rapace,1
Ulrich Mühe,1
Anthony Goss,1
Ashok Pathak,1
Nico Greetham,1
Alan C. Lim,4
Karima Gouit,1
Donnie Yen,2
Alan Powell,1
Kyle Gallner,1
Cengiz Bozkurt,1
John Dumelo,1
Ben Daniels,1
Sherri Saum,1
George Hu,1
Shinnosuke Mitsushima,4
Ana de la Reguera,1
Sarah Fisher,1
Jennifer Jason Leigh,1
Anna Cooke,1
Solbi,1
Laudya Cynthia Bella,1
Donal Logue,1
Kiron Kher,1
Jamal Alradhan,1
Timothy Omundson,1
Joey Lauren Adams,2
Sonal Kaushal,4
Alexis Bledel,2
Lee Eddy,1
Emerald MacDonald,1
Ian Hecox,1
Eloy Azorín,1
Kelly Macdonald,2
Tichina Arnold,1
Damon Wayans,1
Stefanie Scott,1
Joanna Scanlan,1
David Alan Grier,1
Tonto Dikeh,1
Natalie Pérez,1
China,3
Romi Park,1
Deven Christian Mack,1
Liam Hemsworth,1
Liana Liberato,2
Vivica A. Fox,2
Sammy Obeid,1
Melis Babadag,1
Giancarlo Esposito,2
Britt Robertson,1
Ijeoma Grace Agu,1
Tillotama Shome,1
Kunal Kemmu,1
Wang Yibo,1
Vanessa Marano,1
Ishika Gurung,1
Sandra Oh,1
Oliver Nava,1
Hana Shiha,1
Honami Sato,1
Fatima Al-Banawi,1
Jannis Niewöhner,1
Ryan Doucette,1
Adrian Petriw,1
Steve Harvey,1
Keegan-Michael Key,2
Donald Sutherland,1
Armand Assante,1
James Frecheville,1
Amit Sadh,1
Arif Bahlim,1
Devon Terrell,1
Kalki Koechlin,4
Lucy Liu,2
Remy Ishak,2
Hind Rostom,1
Gabriel Goity,1
David So,1
Sean Dulake,1
Stéphane Caillard,1
Patrick Huard,1
this documentary follows the plight of 18 Beluga whales kept in captivity for years.,1
Patrick Teoh,1
Cobie Smulders,2
Kay Kay Menon,5
Manu NNa,1
London Hughes,10
Ian Karmel,1
Chia-ying Lee,1
Vatsal Dubey,1
Debby Ryan,2
Pearl Thusi,2
Riley Keough,2
Lev Gorn,1
Karan Brar,1
Sarah Carmosino,1
Mindy Cohn,1
Ángela Cano,1
Kery James,1
Anna Wintour,1
Gary Oldman,4
Common,2
Mason Vale Cotton,1
George Sidhum,1
Damson Idris,1
Peyman Moaadi,2
Brandon Vera,1
Dharmendra,2
Ralf Jameson,1
Malena Narvay,1
James Giblin,1
Olivia Munn,1
Jung-jae Lee,1
Eric Clapton,1
Amadou Mbow,1
Amr Abdel Guelil,1
Sophie Skelton,1
V.K. Sriraman,1
Princess,1
Hee-Ra Ha,1
Saeed Al-Sheryani,1
Ruangroj Prachaya,1
Seda Bakan,2
Park Hae-soo,1
Eve Hewson,2
Alison Retzloff,1
Ammar Alfian,1
Joel Courtney,3
Ane Dahl Torp,1
Rooney Mara,4
Park Byung-eun,1
Susan Cookson,1
Germany,13
Erich Bergen,1
Johnny Knoxville,1
Nikki Hsin-Ying Hsieh,1
Adam Rayner,1
Emmanuel Esparza,1
Ushio Shinohara,1
Nanfu Wang,1
Aaryansh Malviya,1
Yuri Chen,1
View Wannarot Sontichai,1
Eric Bana,2
Michaela Dean,1
Kadeem Wilson,1
Binnu Dhillon,1
Yusuke Kobayashi,1
Patch Darragh,1
Jaime Lorente,1
Prachi Desai,1
Todd Field,1
August Wittgenstein,1
Aneesh Menon,1
Alexander Vlahos,1
Kevin Thoms,1
Crina Semciuc,1
Pooja Hegde,2
Alex House,1
Victorio D'Alessandro,1
Matthew Perry,1
Saleh Bakri,1
Kabir Sajid,1
Dany Casco,1
Karl Markovics,1
David Haydn-Jones,1
Ikue Otani,2
Gilberto Barraza,1
Sayaka Senbongi,2
Gerald W. Jones III,1
Jason Lee,1
Oona Laurence,1
Ramsey Nouah,3
Kevin Spacey,2
Koneenica Banerjee,1
Renate Stuurman,1
Lee Ha-na,1
Nontanun Anchuleepradit,1
Brenda Wairimu,1
Alison Brie,1
Lumi Cavazos,1
Zbigniew Zamachowski,1
Michael Therriault,1
Jenny Slate,1
Machine Gun Kelly,1
AnnaSophia Robb,1
Raul-Gomez Pina,1
Mika Boorem,1
Soo-yeon Kim,1
Rebecca Chaiklin,1
Tuvana Türkay,2
Aashi Rawal,1
Dylan Minnette,1
James Oliver Wheatley,1
Asim Chaudhry,1
Carlos Ponce,1
Eva Llorach,1
Bill Murray,1
Linda Hamilton,1
Josh Lucas,2
Garry Sandhu,1
Déborah François,1
Hirotaka Suzuoki,1
Oh Yeon-seo,1
Kathleen Lloyd,1
Shawn Ashmore,1
Tight Eyez,1
Matthew Daddario,1
Teodora Duhovnikova,1
Michael Stuhlbarg,2
Reese Witherspoon,2
Argentina,10
Cansu Dere,1
Dieter Hallervorden,1
So-ri Moon,1
Jada Pinkett Smith,1
Bhumi Pednekar,1
Matt Damon,3
Rocco Siffredi,1
Agnieszka Grochowska,1
Julieth Restrepo,1
Michael Bacall,1
Sheela Rajkumar,1
Franka Potente,1
Nur Aysan,1
Czech Republic,1
Chow Kwun-wai,1
Lai Wei,1
Huang Bo,1
Juan Pablo Campa,1
Ivan Massagué,1
Yi Ning Sun,1
Perfume,1
Alexandra Ursulyak,1
Brian Murphy,1
Ji-hyun Nam,1
Chen Zheyuan,1
Chelsea Islan,1
Emraan Hashmi,4
Andrew Lopez,1
Idris Elba,1
Johnny Hao,1
Yutaka Matsushige,1
Kwon Yuri,1
Oka Antara,2
Kajal Aggarwal,1
Maia Mitchell,1
Heather Graham,2
Mitchell A. Lee Yuen,1
Romania,1
Joyce Cheng,1
Anuskha Sharma,1
Fanny Ardant,1
Thomas Jane,2
Eddie Izzard,1
Merritt Wever,2
Vanessa Hudgens,2
Jason Sudeikis,2
David Banner,1
Fabianne Therese,1
Michael Ware,1
Diana Penty,1
Fadlan Hazim,1
Zoë Tapper,1
Jun Fukuyama,3
Jennifer Love Hewitt,3
Alyvia Alyn Lind,1
Urmila Kanitkar,1
Jason Patric,1
Goo Jin,1
Ali Zafar,1
Adam Scott,1
Erin Moriarty,1
Max Cavenham,1
Cecilia Dopazo,1
Boman Irani,5
Ludovik,1
Bill Pullman,2
Amrita Bagchi,1
Park Hee-soon,1
Yook Sung-jae,1
Wendi Peters,1
Roisin Conaty,1
Daisuke Ono,4
Minako Kotobuki,1
Tim Roth,1
Karra Elejalde,2
Gardner Baldwin,1
Sameer Dharmadhikari,1
Anna Raadsveld,1
Jenna Ortega,2
John Cassavetes,1
Sharmin Segal,1
Daniel Gillies,1
Phylicia Rashad,1
Stephen Amell,1
Suzanne Snyder,1
Rani Mukerji,3
Cheran,1
Yoshika Verma,1
Nour,2
Emayatzy Corinealdi,1
Omar Ayuso,1
Sir Roger Moore,1
Winai Kraibutr,1
Aaron Carpenter,1
Zhu Xuan,1
Eva Mendes,2
Russell Crowe,1
Paula Burrows,1
Arsher Ali,1
Terence Stamp,1
Ryan Phillippe,1
Tori Anderson,1
Toni Gonzaga,3
Tien Hsiang Lung,1
Miles Teller,2
Suzy Myers,1
Radhika Apte,3
David de Vos,1
Kim Seo-yeong,1
Ciarán Hinds,1
Satoshi Hino,2
Lilian Regina,1
Koo Kyo-hwan,1
Max Irons,1
Neha Chauhan,1
François Civil,1
Seon-a Kim,1
John C. Reilly,4
Raveena Tandon,1
Giles Matthey,1
Beau Garrett,1
Giuseppe Fragapane,1
Oliver Masucci,1
Leslie Mann,2
B.J. Novak,1
Cut Mini Theo,1
Àlex Monner,1
Nithya Menon,2
Rae-won Kim,1
Alyshia Ochse,1
Cody Hackman,1
Saket Chaudhary,1
Asier Etxeandia,1
Elisabeth Moss,3
Veerendra Saxena,1
Vyjayantimala,1
Dina Fouad,1
Sky Alexis,1
Sarah Paulson,3
Claudia Placer,1
Chiwetel Ejiofor,2
B1A4,1
Douglas Lim,1
David Schütter,1
Stephen Chow,2
Nishka Raheja,1
Sadia Khateeb,1
Dan Fogler,1
Matthew Fox,1
Dimitri Diatchenko,1
Jeon Go-woon,1
Mahreen Kaleka,1
Sigourney Weaver,2
Mary McDonnell,2
Herbie Baez,1
Lyubov Aksyonova,1
Simona Wang,1
Jack O'Connell,1
Eva Marcille,1
Melora Walters,1
Manimegalai,1
Diana Bovio,1
Megan Follows,1
Ayo Makun,1
Nitu Pandher,1
Rachel Weisz,1
Shayle Simons,1
Bárbara Lennie,1
Rob Lowe,2
Song Kang-ho,1
Danny McBride,3
Kenneth Okonkwo,2
Hany Adel,1
Christopher Atkins,1
Keo Woolford,1
Irene Escolar,1
Steven Strait,1
Lorraine Gary,1
Jennifer Carpenter,1
Jason Mantzoukas,2
Julianna Guill,1
Jing-Jing Yung,1
Edward Furlong,1
Hiroshi Kamiya,1
Martin del Rosario,1
Paul Killam,1
Brooke Elliott,1
Paul Giamatti,3
Björn Mosten,1
Carys Doyle,1
Tiffany Smith,1
Andrés Velencoso,1
Carice van Houten,2
Joselyn Dumas,2
Annabelle Westenholz-Smith,2
Jeong-hwa Yang,2
Arkadiusz Bazak,1
Mario Adorf,1
Katie Cassidy,1
Alona Tal,1
Krysten Ritter,1
Émilie Bierre,1
Imran Khan,2
Armie Hammer,2
Vanessa Paradis,1
Juliet Ashworth,1
Marie-Evelyne Lessard,1
Mabel Cadena,1
Dean Gladstone,1
So-hui Yoon,1
Fola Evans-Akingbola,1
Lou Veloso,1
Maya Angelou,1
Isak Férriz,1
Mohamed Lotfy,1
Michael Arias,1
Judith Godreche,1
Maggie Siff,1
Chie Nakamura,8
Christian Morales,1
Alex Russell,1
William Zabka,1
Parker Sawyers,1
Sumeet Raghvan,2
Ming-Na Wen,1
Lena Dunham,1
Scott Langley,1
Robert De Niro,1
Benedetta Porcaroli,1
Ulrich Noethen,1
Malena Pichot,1
Anandhi,2
Ian Hanlin,1
Sheranut Yusananda,1
Sajitha Madathil,1
Eduardo Moscovis,1
Emma Tate,1
Melissa O'Neil,1
Draya Michele,1
Rana Daggubati,7
Taye Diggs,1
Menna Arafa,1
Nadine Labaky,1
Óscar Torres,1
Isabelle Kaif,1
José Mujica,1
Brad Davis,1
Sol Moreno,1
Amy Adams,2
Pulkit Samrat,1
Seema Biswas,2
Cherami Leigh,1
Taylor James,1
Terry Crews,1
Griffin Puatu,1
Jason O'Mara,1
Courtney Love,1
Michael Boatman,1
Sheldon Best,1
Leo Wu,1
Sayumi Suzushiro,1
Sharon Stone,1
Ady An,1
Elisha Cuthbert,1
Ireland,5
Pamela Anderson,1
Cuba Gooding Jr.,1
Miya Cech,1
Lauren Cohan,1
Jonathan Majors,1
Janet McTeer,1
Ahn Jae-wook,1
David Gasman,2
Kevin Sizemore,1
Gabrielle Susanne Solheim Leithaug,1
Belle Shouse,1
Michael Weatherly,1
Justin Cheung,1
Michael Daingerfield,2
Massimiliano Tortora,1
Wally Wingert,1
Emma Gilmour,1
Tom Courtenay,1
Smita Shewale,2
Luis Gatica,1
Juliette Crosbie,1
Monica Ray,1
Matthew Goode,2
Zainab Balogun,2
Iko Uwais,2
Zakir Hussain,1
Bruce Greenwood,3
Bella Dayne,1
Barış Arduç,1
Laia Costa,2
Dennis Quaid,4
Thabo Malema,1
Mai Ezz El-Din,3
Quang Su,1
Rachel Brosnahan,1
David Bailie,1
Saksit Tangtong,2
Adam Brody,1
Diogo Morgado,1
Sarah Steele,1
Siobhan Finneran,2
Alessandra de Rossi,2
Lotfy Labib,1
Lao Ai,1
Aishwarya Ghaydar,1
Ève Landry,1
Erika Fong,4
Daniel Amerman,1
Tucker Chandler,1
Casey Kasem,1
Jennifer Lopez,3
Rob Van Dam,1
Renan Tenca,1
Justin Clarke Samuel,1
Cortney Palm,1
Manoj Bajpayee,5
Fawad Khan,2
Richard Dillane,1
Ryan Delon,1
Jung Ga-ram,1
Sridevi,2
Sergio Acosta,1
Luisa Ranieri,1
Guy Pearce,3
Yuki Kaji,4
Humaima Malik,1
Julia Piaton,1
Sonal Sehgal,1
Tig Notaro,1
Fahri Yardim,1
Hosea Chanchez,1
Lalana Kongtoranin,1
Sofía Vergara,2
Billy Graham,1
Sunny Deol,1
Fred Armisen,2
Eva Dedova,1
Fatih Artman,3
Josh Swickard,1
Ashok Samarth,1
Serhat Tutumluer,1
Nittha Jirayungyurn,1
Jessica Chastain,3
Sornsin Maneewan,1
Janna Nick,1
Stef Aerts,1
Justin Timberlake,1
Chris Gartin,1
Sue Ramirez,2
Sosie Bacon,1
Peyton Kennedy,1
Sun Li,2
Ross Fleming,1
Sonja Ball,1
Bill Nye,2
Lakshvir Saran,1
Sebastian Fabijański,1
Misty Lee,1
Tengku Putri Najuwa,1
James Earl Jones,3
Shruti Haasan,1
Yang Mi,1
Rashida Jones,4
Walter Huston,1
Jashan Singh,1
David Domoney,1
Judi Dench,1
United States,713
Zach Galifianakis,1
Alexis G. Zall,1
Agnieszka Dygant,1
David Kau,1
Mandy Takhar,1
Bailey Gambertoglio,3
Alyssa Sutherland,1
Ben Wu,1
Rie Takahashi,1
Matt Whitlock,1
Lucie Lucas,1
Jim Parrack,1
Ben Schwartz,3
Ayushita,1
Demetrius Shipp Jr.,1
Olivia Thirlby,1
Shelley Duvall,1
Olivia Merilahti,1
Gizem Erdogan,1
Rachelle Lefevre,1
Lauren Gilbert,1
Kat Feller,2
Tolga Çevik,1
Kathryn Prescott,1
Simon Quarterman,1
Kathleen Barr,2
Seth Rogen,1
Jennifer Lawrence,2
Ellen Sandweiss,1
Peto Menahem,1
Lionel Abelanski,1
Christina Ricci,1
Sue Perkins,2
Jisca Kalvanda,1
Ahn Jae-hyeon,1
Stijn Van Opstal,1
David Solans,1
Audrey,1
Roman Wilhelmi,1
Sumanto Chattopadhyay,1
Léa Seydoux,1
Ricky Gervais,2
Liu Xiaoyi,1
Rupa Bhimani,6
Mandra Naih,1
Asia Argento,1
Adwa Fahad,1
Michelle Morgan,1
Jamila Awad,1
Barry Corbin,1
Uqasha Senrose,1
Ty Burrell,1
Woranuch Wongsawan,1
Lake Bell,3
Amber May,1
Ini Dima-Okojie,1
Daniela Luque,1
Fredrik Quiñones,1
Daichi Watanabe,1
Jirayu La-ongmanee,1
Obi Emelonye,1
Consuelo Duval,2
Eric Schlosser,1
Joey D'Auria,1
Grigory Rodchenkov,1
Vidhu,4
Rahama Sadau,2
Jessica Lange,1
Ebon Moss-Bachrach,1
Vera Yen,1
Pevita Pearce,3
Sunny Suwanmethanont,2
Thomas Kretschmann,1
Matías Desiderio,1
Cho,1
John Heard,1
Justin Chatwin,1
Gringe,1
Murat Yıldırım,2
Carolina Bang,1
Laerte Coutinho,1
John Lennon,1
Mahendra Sandhu,1
Christoph Waltz,1
Vyjayanthimala,1
Colin Firth,1
Marta Larralde,1
Wang Naixun,1
Breanna Yde,4
Mohamed Farraag,1
Anjali,3
Ashraf Farah,1
Isabela Merced,1
Richard Gant,1
Kubilay Aka,1
Octavia Spencer,2
Jules Buckley,1
Cate Blanchett,4
Paul Rudd,2
Sheila Dara,1
Heino Ferch,1
Ime Bishop Umoh,1
Kanan Gill,1
Bunga Citra Lestari,3
Kazuki Namioka,2
Viraf Patel,1
Claudio Santamaria,1
Rachael Leigh Cook,1
Temuera Morrison,1
Huang Lu,1
Toby Stephens,1
Candace Nelson,1
Scott Bakula,1
Sonali Kulkarni,1
Shim Eun-kyung,1
Rene Russo,2
Bobby Deol,4
Kentaro Ito,1
Ruby Rose,1
Bridgit Mendler,1
Rufus Sewell,1
Lili Karamalikis,1
Lushin Dubey,1
Paul Reubens,1
Oja Kodar,1
Vinod Khanna,2
Claire Holt,1
John Gallagher Jr.,1
Andrew Duncan,1
Poland,2
Swati Chitnis,1
Gao Yuanyuan,2
Eamon Farren,1
Inge Paulussen,1
Sakura Tange,1
Joshua Garcia,2
Dorian Popa,1
Kenza Fortas,1
Nathan Lane,1
Errol Morris,1
Gerard Butler,3
Kara Hayward,1
Nilay Gök,1
Chris Cooper,1
Shah Rukh Khan,6
Hans-Heinrich Hardt,1
Neena Gupta,2
Ian Wright,1
Karen Fukuhara,1
Alice Dwyer,1
Uma Thurman,1
Peter Mak,1
Annu Kapoor,2
Matt Barr,1
Jennifer Hudson,2
Millaray Lobos,1
Kohsuke Toriumi,1
Mos Def,2
Arwa Gouda,1
Robbie Daymond,1
Jian Man-shu,1
Ashwin Shukla,1
Karen Martínez,1
Laura San Giacomo,1
Maximilian Schmidt,1
Mustapha Aarab,1
Reggie Rolle,1
Nathanael Wiseman,1
Lisa Arrindell Anderson,1
Arun Chidambaram,1
Kajol,3
Soma Saito,1
John Mulaney,1
Milo Gibson,1
Sweden,4
Susanne Bartsch,1
Kaelen Ohm,1
Rosario Dawson,2
Jorge Andreu,1
Emiliano Zurita,1
Charles Grodin,1
Genelia D'Souza,3
Eric Tsang,1
Sandeep Pathak,1
Jensen Ackles,1
Ayana Taketatsu,1
Bob Hoskins,1
Abdurrahman Arif,1
Riaad Moosa,1
Dianne Wiest,1
Thanuja Karthik,1
Savika Chaiyadej,2
Valerie Bertinelli,1
Sofia Hublitz,1
Juana del Río,1
George Kennedy,1
Ted Danson,2
Lynn Whitfield,2
Geoff Morrell,1
Litefoot,1
María Antonieta de las Nieves,1
Griffin Gluck,2
Giorgio Belli,1
Ellen Dorrit Petersen,1
Dawid Ogrodnik,1
Nathalie Emmanuel,1
Nagma,1
Klea Scott,1
Rita Harb,1
Dan Renton Skinner,1
Jigna Bharadwaj,1
Angela Galuppo,2
Sasho,1
Pavan Malhotra,1
Trevante Rhodes,1
Peijia Huang,1
Shailene Woodley,2
Amitabh Bachchan,1
Emily Browning,1
Owen Colgan,1
Adelaide Clemens,1
Apollon,1
Jake Cuenca,1
Thai Nguyen,1
Salah Bensalah,1
Mirai Moriyama,2
Riham Hagag,1
Marianne Miller,1
Toya Turner,1
Yves Flores,1
Adam Egypt Mortimer,1
Kim Delaney,1
John Abraham,2
Jill Flint,1
Mary Berry,1
Ana Druzhynina,1
John Hurt,1
Troy Baker,2
Itziar Ituño,1
Patsy Garrett,1
Joe Dempsie,1
Nomalanga Shabane,1
Corey Fogelmanis,1
Bárbara Goenaga,1
Columbus Short,1
Helen Mirren,3
Nia Long,2
Sondra Locke,1
Brighton Sharbino,1
Bianca Leigh,1
Mercedes Sampietro,1
Amal Unnithan,1
Claudia Salas,1
Vanesa González,1
Susana Abaitua,1
Annisa Rawles,1
Adam Lambert,1
Ruby,2
Fabrizio Copano,1
Takayuki Sugo,1
Norway,2
Souad Massi,1
Eduardo Blanco,1
Fikret Kuşkan,1
Alfred Cheung,1
Serena Fang,1
Jonathan Bennett,2
Vijay Raaz,3
Anita Mui,1
Aneurin Barnard,1
Juan Pablo Zurita,1
Natalie Wood,1
Woo Do‑hwan,1
Tom Tykwer,1
Manish Chauhan,1
Olivia Junkeer,1
María Valverde,1
Carl Lumbly,1
Elle Fanning,1
Shreya Sharma,1
Enyinna Nwigwe,2
Pamela Chong Ven Teen,1
Sophie Cookson,1
Yasmin Abdulaziz,2
Kishore Kadam,1
Agata Kulesza,1
Aaron Jakubenko,1
Clare Durant,1
Han Chae-young,1
Aditya Seal,1
Prateeksha Lonkar,1
Thiago Ventura,1
Michael Emerson,1
Kim Yeong-ok,1
Ben Lloyd-Hughes,1
Aurélie Moeremans,2
Chigul,1
Jeff Roop,1
Halston Sage,2
Kym Whitley,1
Ruth Bradley,1
Marta Belmonte,1
Rebecka Hemse,1
Kevin James,2
Nailea Norvind,1
Chipo Chung,1
Landon Lueck,1
John Macmillan,1
Tyler Labine,1
Martin Sensmeier,1
Chali 2na,1
Chimezie Imo,1
Anna Drijver,1
Parthiban,2
Michael Shanks,1
Morgan Freeman,4
Thorsten Merten,1
Regina King,1
Nam-gil Kim,1
Adil Hussain,2
Valerie Harper,1
Jessica Biel,2
Zhou Xun,1
Ashish Vidyarthi,1
Reno Wilson,1
Zhang Ming En,1
Murat Boz,1
Mahira Khan,4
Kim Eun-ah,1
Santo Cilauro,1
Tanvi Azmi,1
Noémie Honiat,1
Carolina Dieckmann,1
Liam O'Brien,1
Taapsee Pannu,1
Martin Henderson,3
Barry John,1
Elizabeth Daily,2
Erin Mathews,2
Gulshan Devaiah,1
Nidia Bermejo,1
Stanislaw Tym,1
Juan Pablo Medina,1
Candice Modiselle,1
Evan Smolin,1
Omi Sharma,1
Patrick Breen,1
Willie Ruengrit McIntosh,1
Daniel Padilla,6
Mark Chao,1
Christina Mok,1
Lucas Lauriente,1
Whoopi Goldberg,1
Kyu-jong Kim,1
Diane Gaidry,1
Tomohiro Kamiyama,1
Benoît Allemane,1
Larissa Albuquerque,1
Eva Green,2
Lou Taylor Pucci,1
Julia Barretto,1
David Tennant,2
Sqikin Kamal,1
Omar El-Hariri,1
Michael J. Nelson,1
Sean Hankinson,1
Jane Scandizzo,1
Norm MacDonald,1
Ivy Shao,2
Pierce Cravens,1
Kal Penn,1
Mark Little,2
Bigflo & Oli,1
Tatiana Maslany,1
Camille Hyde,2
Niels Schneider,1
Teri Reeves,2
Neetu Singh,1
Zach Gilford,1
Wafeeq Narimab,1
Jung-hwan Ahn,1
Lulu Xu,1
Seiko Matsuda,1
Amol Parashar,1
Sandeepa Dhar,1
Ayça Ayşin Turan,1
Joseph,1
Pratik Gandhi,1
Emily Mortimer,1
Teri Hatcher,1
Gargi Shitole,1
Afonso Padilha,1
Justin Chu Cary,1
Beom-su Lee,2
Alan Marriott,1
Preechaya Pongthananikorn,1
Andrew Garfield,1
Jamie Watson,10
Alex Lawther,1
Fulu Mugovhani,1
Gary Lewis,1
AJ Michalka,1
Brandon Routh,1
Lidya Jewett,1
Elio Germano,1
Kaito Ishikawa,2
Scoot McNairy,3
Eduardo Santamarina,1
Luke Brooks,1
Bob Persichetti,1
Constance Gay,1
Keith Scholey,1
Dina El-Sherbiny,3
Eddie Redmayne,1
Cassidy Naber,1
Angelica Panganiban,1
Arci Muñoz,1
Aaron Moten,1
Jim Carrey,1
Tarun Wadhwa,1
Emily Morris,1
Colombia,5
Dulquer Salmaan,1
Nora Zehetner,1
Mariana Seoane,1
Roger Mendoza,1
Poppy Jabbal,1
Eddie Marsan,2
Geoffrey Rush,2
Colm Feore,1
Lorenzo Zurzolo,1
Sonam Kapoor,5
Parker Mack,1
Daniel Breaker,1
Nelly Karim,1
Nicolás Vázquez,1
Frank Welker,2
Roshan Mathew,2
Elle LaMont,1
Giullian Yao Gioiello,1
Zoe Saldana,2
Ayhan Taş,1
Aylin Kontante,1
Soo-kyung Lee,2
Nick Kroll,1
Indrajith,1
Hoze Meléndez,1
Gethin Anthony,1
Charlie Chin,1
Devin Ratray,1
Vivek Oberoi,4
Joe Ashman,1
Simon Greenall,1
Stephanie Lemelin,1
Ikkyu Juku,2
Olivia Colman,2
David Matranga,1
Cristina Cappelli,1
Sally Ann Howes,1
Dave Bautista,2
Woody Harrelson,7
Shahnawaz Bhat,1
Adel Imam,1
Amrish Puri,2
Lily Collins,2
Nabil Ismaïl,1
Nicole Saba,1
Anoop Menon,1
Violet Nelson,1
Christina Applegate,1
Paradorn Srichaphan,1
David Hasselhoff,1
Mona Singh,2
Sebastián Osorio,1
Kahaan,1
Arnold Reyes,1
Farooq Shaikh,2
Patricia Schneider,1
Danish Taimoor,1
Fabian Busch,1
William Romain,1
Nick Sagar,1
Silma López,1
Laura Marano,1
Philip Seymour Hoffman,2
Colin Farrell,3
Tseng Ching-hua,1
Manpreet Bambra,1
Patrick Magee,1
Sylvana Joyce,1
Lung Wei Wang,1
Jakob Cedergren,1
Tae-yeol Jeon,1
Alexandre Rodrigues,1
Mark Mitchinson,2
Shameik Moore,2
Catherine O'Hara,1
Darren Criss,3
Sudhir Joshi,1
Theo Rossi,2
Emily Ratajkowski,2
Coy Stewart,1
Dustin Milligan,1
Ronit Roy,3
Lakshmi,3
Shane Harper,1
Marie Danielle,1
Kishore Kumar G.,1
Dalal Abdel Aziz,1
Julie de Bona,1
Avin Manshadi,1
Richard Gomez,1
Antonia Prebble,1
Tobias Truvillion,1
Jack Kane,1
Yayan Ruhian,1
Koji Yamamoto,1
Priyanka Jawalkar,1
Momona Tamada,1
Ekapol Deebunmee,1
Elçin Sangu,1
Saara Chaudry,1
Sara Serraiocco,1
Andreas Döhler,1
New Zealand,5
Jide Kosoko,1
Iravati Harshe,1
Ann Kok,1
Oprah Winfrey,2
Jason Derek Prempeh,1
Wanda Sykes,2
Diane Marie Howard,1
India Jarvis,1
Tardu Flordun,2
Anupam Kher,3
Hisako Manda,1
Josh Groban,1
Ali Fazal,2
Mari Yaguchi,1
Kristine Froseth,1
Tommy Caldwell,1
Pachara Chirathivat,1
Kent S. Leung,1
Patty Mattson,1
Jasper Liu,3
Ju Ji-hoon,1
Sarah-Jane Dias,1
Taylor Dooley,1
Nandita Das,1
Cory Nichols,1
Paul Hollywood,1
Fortune Feimster,2
Anastasia Hille,1
Kane Robinson,1
Daniel Hendler,1
Joel McHale,2
Keith Richards,1
Finn Wittrock,1
Isabelle Carré,1
Michela Cescon,1
Adrienne Bailon,1
John Corbett,1
Éric Judor,1
Sana'a Shaik,1
Risa Taneda,3
Maximilian Meyer-Bretschneider,1
Kartina Aziz,1
Manon Azem,1
Indraneil Sengupta,2
Vimala Pons,1
Joelle Farrow,1
Justin Webster,1
Samuthirakani,1
Winston Chao,1
Thomas Gullestad,1
Dermot Mulroney,1
Jack Huston,1
Carolyn Hennesy,1
Neil Gaiman,1
Kel Mitchell,1
Christina Aguilera,1
Jessie T. Usher,1
Mark Olive,1
Emika Grant Emma,1
Danny Trejo,1
Abdulla Al-khudr,1
Chung Hsin-ling,1
Angeline Yap,1
Samiya Mumtaz,2
Brooke Markham,1
Dr. Rajendra Prasad,1
Shraddha Kapoor,4
Sisca Jessica,1
Stella Shute,1
Katsuyuki Konishi,2
Martina Gusman,1
Wiz Khalifa,1
Ji-an Kim,1
Karin Bohn,1
Harish Verma,1
Ganindra Bimo,1
Britt Irvin,1
Graham Rogers,1
Jason Statham,1
M.S. Prem Nath,1
Diane Kruger,2
Will Lowell,1
Felipe Zilse,1
Vojislav Brajovic,1
Christopher Plummer,1
Simone Singh,1
Michela Luci,2
Jonathan Frakes,1
Karan Johar,2
Seo In-guk,1
Olga Sutulova,1
Tommy James Murphy,1
Niek Roozen,2
Jennifer Morrison,1
Alan Cumming,1
Mon Confiado,1
Bárbara López,1
Randeep Hooda,2
Darin Olien,1
Fortunato Cerlino,1
Christian Bale,1
Bianca Hello,1
Parker Young,1
Padmini,2
Vishal Kotian,1
Son Ho-jun,1
Prasanna,1
Michael Ontkean,2
İbrahim Büyükak,2
Debbie Goh,1
Jordan Hare,1
Amy Maghera,1
Romeo Tan,1
Miguel Herrán,1
Arjun Gupta,2
Matt Bomer,1
Stacey Dash,1
Alexander Skarsgård,2
Paulina Andreeva,2
Rachel Khoo,1
Maika Monroe,1
Alencier Ley Lopez,1
Michael Sheen,2
Pets Tseng,2
Vijay Sethupathi,2
Martin Brygmann,1
Ghida Nouri,1
Daniel Craig,1
Laurie Metcalf,1
Sam Hammer,1
August Diehl,1
Heath Ledger,1
Miles Robbins,1
Luciane Buchanan,1
Bassel El Kadi,1
Nappon Gomarachun,1
Carroll Shelby,1
Michelle Monaghan,1
Christopher Reid,1
Gregory Snegoff,1
Alan Ruck,1
Sanjay Dutt,2
Manu Rishi Chadha,1
Andrea Jeremiah,1
Chris Evans,1
Tim Blake Nelson,1
Josephine Berry,1
Rob Rackstraw,2
Mithun Chakraborty,5
Deepika Padukone,6
Larissa Bonesi,1
Quim Gutiérrez,2
Weber Yang,1
Lilian Esoro,1
Martin Matte,1
Ashton Kutcher,2
Pierson Fode,1
Amir Bageria,1
Cristina Umaña,1
Leather Storrs,1
Melis Birkan,1
Marvin Agustin,1
Lorene Ren,1
Hovik Keuchkerian,1
Sheryl Lee,1
Sandra Echeverría,1
Garance Marillier,2
Veronica Falcón,1
Marie-Josée Croze,1
Tao Tsuchiya,1
Nazim Othman,1
Dalal Abdelaziz,1
Josh Hopkins,1
Julia Roberts,2
Hlubi Mboya,1
Wang Yizhe,1
Büşra Pekin,1
Davide Carrera,1
Ecem Uzun,1
Christian Sugiono,1
Barbra Streisand,1
Gabriel Byrne,1
Steve Hicks,1
Allison Lin,1
Erica Lindbeck,3
Philip Keung,1
Sandrine Pinna,1
Dakore Akande,1
Serkan Çayoğlu,1
Al Pacino,2
Nimisha Sajayan,1
Elvina Ibru,1
Eréndira Ibarra,2
Sambasa Nzeribe,3
Tygo Gernandt,1
Krystin Pellerin,1
Neve Campbell,1
Rachel Ticotin,1
Geena Davis,1
Rii,1
Kompheak Phoeung,1
Caitlin Murphy,1
Simona Brown,1
Moo-Yul Kim,1
Kanokchat Munyadon,1
Tomboy,1
Eva Orner,1
Ahmed Fahmi,2
Kubilay Sarikaya,1
Lily Mae Harrington,1
Arielle Holmes,1
Luis Tosar,1
Jang Dong-gun,2
Doona Bae,1
Reina Ueda,3
Christian Loho,1
Jay Chou,2
Ju Jingyi,1
Tadanobu Asano,1
Dustin Hoffman,3
Tim Allen,1
Zoe Hatz,2
Tsai Chen-nan,1
Neil Nitin Mukesh,1
Tiger Chen,1
Mandira Bedi,1
Olivia Corsini,1
Sushar Manaying,2
Sara Ali Khan,1
Ben Mendelsohn,3
Lil Rel Howery,1
Jacob Derwig,2
Steve Carr,1
Ringo Starr,1
Sonam Bajwa,3
O.T. Fagbenle,1
Killian Scott,2
Kotono Mitsuishi,2
Deirdre O'Connell,1
Alejandro Suárez,1
Zachary Quinto,4
Raquel Christiana,1
Tim Robbins,1
Nedumudi Venu,2
Omar Sharif,1
Pablo Schreiber,2
Naa Ashorkor Mensa-Doku,1
Christian Roberto,1
Eric Moon,1
Héctor Segura,1
Aghniny Haque,1
Rohit Saraf,1
Adam Devine,1
Oded Fehr,1
Yoko Ono,1
Bruce Payne,1
Tewfik Jallab,1
Henning Jensen,1
Elisa Pinheiro,1
Hatice Şendil,1
Kathleen Munroe,1
Sarah Michelle Gellar,1
Myolie Wu,1
Gigi Saul Guerrero,1
Lucca Picon,1
A.J. Cook,1
John Ortiz,1
Mischa Barton,1
Kajal Jain,1
Cathy Garcia-Molina,1
Erik Hayser,2
Lauren Ash,1
Albrecht Schuch,2
Shawn Faqua,1
Najee De-Tiege,2
Farid Shawqy,1
Olly Wilkins,1
Kate Beckinsale,2
Jake T. Austin,1
Opal Littleton,1
Aura Garrido,3
Michelle Pfeiffer,3
Ewan McGregor,4
Jim Stenstrum,1
Ella Purnell,1
Shweta Tripathi,4
Kapil Sharma,1
Krishnan Balakrishnan,1
Kashish Singh,1
Melonie Diaz,1
Belén Cuesta,1
Karibi Fubara,1
Jane Darwell,1
Asami Seto,1
Wyatt Oleff,1
Arcelia Ramírez,1
Nivetha Pethuraj,1
Zolisa Xaluva,1
Jayapradha,1
France,31
Jacqueline Obradors,1
Olivia Newton-John,1
Gillian Chung,1
Ihana Dhillon,1
Rory Keenan,1
Angie Diaz,1
Maurice Paige,1
Chio Su-Ping,3
Tamzin Merchant,1
Vinnie Jones,1
Ario Bayu,2
Brandon Jay McLaren,1
Sam Heughan,1
Angelina Jolie,2
Yoon Du-jun,1
Jessica Hecht,1
Julie Tejwani,9
Jonah Hauer-King,1
RonReaco Lee,1
Hanno Koffler,1
Maxwell Simkins,1
Eda Ece,1
David Strathairn,2
Cole Howard,1
Tamsin Greig,2
Prasenjit Chatterjee,1
Anton Yelchin,1
Jim Chim Sui Man,1
Jack Davenport,1
Dan Stulbach,1
Rochelle Davis,1
Monica Gill,1
Christian Escribà,1
Bobby van Jaarsveld,1
Jani Dueñas,1
Joshua Rush,1
Belçim Bilgin,2
Kit Harington,1
Rob Corddry,1
Andrew Sabiston,1
Kate Bosworth,2
Kevin Smith,1
Hiroya Shimizu,1
Helena Sujecka,1
Sumret Muengput,1
Abuli Mamaji,1
Riteish Deshmukh,3
Celile Toyon Uysal,1
Krithi Shetty,1
Alfonso Cuarón,1
Alex Cohen,1
Dimple Kapadia,4
Manisha Koirala,3
Basak Köklükaya,1
Mia Ahmad,1
Viggo Mortensen,1
Jin-mo Joo,1
Keith David,2
Nicholas Teo,1
Alice Pagani,1
Benoît Magimel,1
Juliet Ochienge,1
Max Thieriot,1
Ellen DeGeneres,1
Anderson Ballesteros,1
Brian May,1
Jon Hamm,1
Paola Lattus,1
Mona Zaki,2
Milind Shirole,1
Vincent Rodriguez III,1
Michelle Obama,1
Gautami Kapoor,1
Krishang Trivedi,1
Peter MacNicol,1
Kim Sook,1
Antonia Gentry,1
Kosar Ali,1
Walter Mercado,1
Paolo Bryant,1
Rick Gomez,1
Helena Evangeliou,1
Shamier Anderson,2
Payidar Tüfekçioglu,1
Michelle Dockery,1
Brad James,1
Mike Rinder,1
Ryan Lee,1
Arun Kumar,1
Hanan Turk,1
Tom Ward,1
Gaurav Paswala,1
Asif Ali,1
Derek Ramsay,2
Christopher Abbott,2
Tommy Lee Jones,2
Lucy Lawless,1
Artyom Tkachenko,1
Fernando Solórzano,1
Alberto Di Stasio,1
Samuel L. Jackson,6
Grace Van Patten,1
David Carling,1
Lakshmi Menon,1
Monia Chokri,1
Hamish Daud,1
Niall Horan,1
Cecilia Suárez,2
Ludacris,3
Kathleen Robertson,1
Linda Cardellini,1
Siddharth,3
Nutan Sinha,1
Brazil,20
Chow Yun Fat,1
Denmark,6
Malcolm McDowell,1
Natalia Tena,1
Nekfeu,1
Leighton Meester,1
Kareena Kapoor,10
Glen Powell,1
Anika Noni Rose,1
Bryce Dallas Howard,1
Dai Xiangyu,1
Alexander Ludwig,1
Rachel McAdams,2
Uma Bracaglia,1
Gerardo Romano,1
Giovanna Lancellotti,1
Nikki Hsieh,1
Monty Don,1
Nidhi Singh,1
Dilşah Demir,1
Alberto Ammann,1
Rainn Wilson,1
Sammo Kam-Bo Hung,2
Wafaa Amer,1
Jottapê,1
William Allen Young,1
Nyla Masood,1
Nejat İşler,1
Heba Nour,1
Leslie Odom Jr.,1
Weica Wang,1
Darcy Rose Byrnes,1
Vanessa Lachey,1
Sanjeeda Sheikh,1
Qin Hailu,1
Adam DeVine,1
Terrence Howard,1
Kiara Advani,1
Steven Pasquale,1
Jonathan Lipnicki,1
Charlet Chung,1
Menna Shalaby,2
Lewis Hamilton,1
Drew Barber,1
Shailendra Pandey,1
Maja Komorowska,1
Hiroki Iijima,1
Jong-hyun Lee,1
Yaser Alneyadi,1
Adesua Etomi,3
Venecia Troncoso,1
Anand Sami,1
Zhou Mi,1
Fary,1
Ik Ogbonna,2
Nana Mizuki,1
Danila Kozlovsky,2
Mittal Chouhan,1
Sarah Kruchowski,1
Gabriel Malki,1
Abigail Spencer,1
Connie Britton,1
Dean Petriw,2
Ashton Sanders,1
Yasmin Ponnappa,1
Gabe York,1
Drew Barrymore,3
Marcos Caruso,1
Kanika Batra,1
Shashi Kapoor,1
Wrenn Schmidt,1
Uğur Yücel,1
David Carradine,2
Javier Gutiérrez,3
Geetanjali Kulkarni,1
Molly Reisman,1
Téa Leoni,1
Holly Gauthier-Frankel,1
Prachi Shah,1
Landon Liboiron,2
William Forsythe,1
Anna Ruiz,1
Ruba Zarour,1
Smita Patil,2
Evan Boymel,1
Pamela Adlon,1
Christopher Lee,2
Sandeep Kulkarni,1
Adriano Zumbo,1
Miles Davis,1
Clara Bernadeth,1
Bharath Seeni,1
Nuno Lopes,1
Ari Boyland,1
Lily Rabe,1
Melissa George,1
Vincent Lindon,1
Elizabeth Banks,4
Suun Lin,1
Finn Wolfhard,2
Katie Strain,1
Gargeyi,1
Laura Dern,2
Gregg Sulkin,1
Summer Fontana,1
PJ Madam,1
Danielle Panabaker,1
Seth Numrich,1
Linda Fiorentino,1
Maged El-Kidwani,1
Fynn Kliemann,1
Sheryl Sheinafia,1
Aaron McCusker,1
Sierra Aylina McClain,1
Shin Sae-kyeong,1
Wong Jing,1
Rajisha Vijayan,1
Shubhankar Tawde,1
Justin Schilling,1
Eugenie Liu,1
Phoebe Lin,1
Sebastián Marcelo Wainraich,1
Ray Liotta,3
Bernd Siefert,1
Olivia d'Abo,1
Ezgi Mola,1
Mia McKenna-Bruce,1
Rikki Simons,1
Refal Hady,1
Sa-rang Kim,1
Ágústa Eva Erlendsdóttir,1
Juan Diego,1
Michael Whitehall,2
Hera Hilmar,2
Ana de Armas,2
Chandan Roy Sanyal,2
Wes Bentley,1
Sermiyan Midyat,2
Faris Godus,1
Olivia Molinaro Eijo,1
Deepak Chopra,1
Oyafunmike Ogunlano,1
Mauricio Paniagua,1
Vivek Gomber,1
Chia-Chia Peng,1
Vaibhav Reddy,2
Matthew Mercer,1
Prithviraj Sukumaran,1
Shoya Ishige,1
Cassandra Ciangherotti,3
Lili Beaudoin,2
Vetri,1
Rajiv Kapoor,1
Val Kilmer,2
Danielle Macdonald,2
Rafał Banaś,1
Gil Coelho,1
Nishant Malkani,1
Rex Harrison,1
Gabriela de la Garza,1
Michael Dobson,1
Sayani Gupta,1
Goyo Jiménez,1
Soo-geun Lee,1
Natee Aekwijit,1
Mathew Horne,1
Jean-Baptiste Heuet,1
Tülin Özen,1
Annette Bening,2
Perdita Weeks,1
Philip Granger,1
Norman Lear,1
Rasika Dugal,3
Lynn Collins,1
Himanshu Sharma,1
Indrajeet Soni,1
Benicio Del Toro,1
David Chocarro,1
Chris Rock,2
Jane Levy,1
Jigna Bhardwaj,2
Jessica De Gouw,1
Steve Greene,1
Shadia,1
Bill Milner,1
Jesse Plemons,1
Saurabh Shukla,1
Razane Jammal,1
Brianne Moncrief,1
Thitipoom Techaapaikhun,1
Cemal Hünal,1
Zerrin Sümer,1
David Herman,1
Alex Heartman,1
Australia,25
Andrew Divoff,1
Tim Daly,2
Jayson Blair,1
Jung-min Park,1
Martin Starr,1
Emory Cohen,1
Birgitte Hjort Sørensen,1
Netherlands,6
Lorenza Izzo,1
Rose Reid,1
Lori Singer,1
Gina Riley,3
Nattapat Nimjirawat,1
Poonam Pandey,1
Kodi Smit-McPhee,1
Orny Adams,1
Tabu,1
Sherri Shepherd,1
Brian Cox,1
Jim Rash,1
Sunil Dutt,1
Ali Wong,1
Patricio Contreras,1
David Eagleman,1
Joanna Ruiz,1
Justine Simmons,1
Berat Efe Parlar,1
Benno Roßkopf,1
Sajid Hasan,1
Syed Ahmed Shawki,1
Zhuang Kebi,1
Adunni Ade,1
Marcia Gay Harden,1
Richard E. Norman,1
Sarah Davenport,1
Richard Ian Cox,2
Tom Sizemore,1
Natalia-Jade Jonathan,1
Andrea Martin,1
Jasmine St. Clair,1
Kate Siegel,1
Alessandro Juliani,1
Mark Labbett,1
David Chang,2
Inés Sainz,1
Note Chern-Yim,1
Arjan Bajwa,1
Xian Lim,2
Stycie Waweru,1
Brittany Allen,1
Theodore Pellerin,1
Donia Samir Ghanim,3
Ahmed Mekky,1
Subodh Bhave,1
Diya Chalwad,1
Gay Talese,1
Giles Yeo,1
Danny Wells,1
Joey Bragg,1
William Davis,2
Julianne Hough,2
Lin Yo-Wei,1
Mickey Sumner,1
Jun Shison,1
Rafik Ali Ahmad,1
Genesis Rodriguez,1
Tequan Richmond,1
Nick Ballard,1
Rakesh,1
Andrés Iniesta,1
Lena Lauzemis,1
Robin Shou,1
Embeth Davidtz,2
Joshua Carlon,1
Nagwa Ibrahim,1
Steve Baran,1
Kevin Rahm,1
Hugh Grant,1
Amit Rahav,1
Ayumu Murase,1
Nana Lee,1
Ron White,1
Bronwen Mantel,1
Ogie Banks,1
Daniella Down,1
Waleed Alyasi,1
Rob Huebel,1
Chicco Jerikho,1
Aniu,1
Tamara Vallarta,1
Mai Shiraishi,1
Vismaya,1
Megan Lai,2
Jason Cope,1
Juju Chan,1
Köksal Engür,1
Harleen Sethi,1
Manoranjan Das,1
Ahmed Salah Al-Saadany,1
Olumide Oworu,1
Annabelle Wallis,1
Chetan Chitnis,1
George Russo,1
Beverly D'Angelo,1
Kris Kristofferson,1
Kellan Lutz,1
Gold Ikponmwosa,1
Liam Neeson,4
Chen Yi-wen,1
Yograj Singh,1
Michole Briana White,1
Robert Florence,1
Zaira Wasim,1
Selena Gomez,1
Becky G.,1
Sargun Mehta,2
Louis Garrel,1
Lori Petty,1
Engin Öztürk,1
Midori Francis,1
Paul Newman,1
Phil Hendrie,1
Yasemin Allen,1
Ma Dong-seok,1
Wu Yue,1
Ece Çeşmioğlu,1
Cha Eun-woo,1
Frédéric Pierrot,1
Emmie Lichtenberg,1
Sushanth Reddy,1
Craig Behenna,1
Michael B. Jordan,1
Belen Blanco,1
Emilia Drago,1
Marjorie De Sousa,1
Claire van der Boom,1
Ryan Munzert,1
Andrew Wilson,1
Ezra Weisz,1
Jassi Gill,1
Billy Brown,1
Ama K. Abebrese,1
Elizabeth Olsen,1
Shadi Alfons,1
Ho-Jeong Yoo,1
Michael Keaton,2
Anil Nedumangad,1
Aya Hirano,2
John Estrada,1
Giuseppe Maggio,1
Will Arnett,2
Trey Nelson,1
Anna Shaffer,1
Samantha Barks,2
Andra Fuller,1
Adam Collins,1
Aga Muhlach,2
Zhou Dongyu,3
Angga Yunanda,1
Madhuri Dixit,5
Park So-dam,1
Renata Notni,1
Haruka Tomatsu,1
Vice Ganda,1
John Turturro,1
Colin Doyle,1
Natalie Krill,1
Yoko Takahashi,1
Joy Sengupta,1
Atul Kulkarni,3
Miki Fujitani,1
Supriya Pilgaonkar,1
Manpneet Grewal,1
Bhanu Uday,1
Jonathan Banks,1
Augustus Prew,1
John Goodman,3
Belgium,4
Nicolas Cage,3
Jun Kunimura,1
Nana Visitor,1
Yakubu Mohammed,1
Mitch Pileggi,1
Lukas Hassel,1
Dong Li,1
Victoire Du Bois,1
Logan Browning,1
Georges Diab,1
Ayo Ogunshina,1
Julian Feder,1
Mawar de Jongh,2
Philip Baker Hall,1
Joo-hyuk Kim,1
Do-won Kwak,3
Iceland,1
Anne Bancroft,1
Katarina Čas,1
Barry Pepper,1
Michael Wech,1
Isaac Jay,1
Joaquin Phoenix,1
Vinayakan,3
Takehiro Hira,1
Darrin Dewitt Henson,2
Priyadarshi Pullikonda,1
Dakota Benjamin Taylor,1
Don Hany,1
Toni Collette,2
Winston Duke,1
Le Khanh,1
Preity Zinta,1
Aaron Marsden,2
Katherine Waterston,1
Samantha Ruth Prabhu,1
Emy Samir Ghanim,2
Rose McIver,1
Darren Mann,1
Seann Gallagher,1
Rasim Öztekin,1
Seung-ah Yoon,1
Chiwa Saito,1
Matthew Modine,1
Jianqiang Hu,1
Choi Bo-bae,1
Jake Gyllenhaal,3
Esteban Lamothe,3
Mwaura Bilal,1
Kaneez Surka,1
Aya Suzaki,1
Richard Dreyfuss,1
Christopher Egan,1
J.W. Terry,1
Shabana Azmi,1
Noah Saavedra,1
Ingrid Nilson,1
Deng JiaJia,1
Tommy Cash,1
Richard Ayoade,1
Abdramane Diakité,1
Booboo Stewart,1
Acha Septriasa,1
Alejandro Goic,1
John Krasinski,3
Avinash Tiwary,1
Jessica Schwarz,1
Omatta Udalor,1
Gideon Adlon,1
Ganesh Diweker,1
Klaus Erik Okstad,1
Tatsuya Fukazawa,1
Pamela Ospina,1
Fardeen Khan,2
Robb Wells,7
DJ Law,1
Ryan Dillon,1
Jacob Tremblay,1
Brian Austin Green,1
Itzan Escamilla,2
Vinay Pathak,1
Taylor Schilling,1
Shanna Reed,1
Andrea Navedo,1
Andy Nyman,1
Kumarakom Vasudevan,1
Sophie Nélisse,2
Lauren Holly,1
Chris Miller,1
Ana Wagener,2
Zhang Jin,1
Odeya Rush,1
Asin,1
VK Naresh,1
Karen Kaia Livers,1
Dino Lee,1
Ralph Fiennes,1
Mahmoud Hemeida,2
Ben Lamb,3
Josh Hamilton,1
Shin Hyeon-seung,1
Robert Pattinson,7
Jesse Eisenberg,1
Gkay,1
Malaysia,3
Martin Lawrence,4
Wang Longzheng,1
Mathis Crusson,1
Julián Arango,1
Chae Soo-bin,2
Franciszek Pieczka,1
Larry the Cable Guy,1
Estefanía de los Santos,1
Loreto Peralta,1
Anson Bagley,1
Suresh Gopi,1
William Baldwin,2
Wong Yu,1
Massimo Boldi,1
Jonah Hill,2
James Hetfield,2
Maya Karin,2
Sara Botsford,1
Megumi Ogata,1
Lucas Black,1
Akash Thosar,1
Felix Roco,1
Camille Shooshani,1
Pierce Brosnan,2
Robert Glenister,1
Maryam Kanj,1
Tanmay Dhanania,1
Matthias Schoenaerts,2
Jintanutda Lummakanon,2
Reeth Mazumder,1
Mark Strong,1
Li Tingting,1
Dolph Lundgren,1
Bill Camp,1
Missi Pyle,1
Kenn Michael,1
Urvashi Rautela,1
Ellen Page,2
Richard Jordan,1
Georgie Kidder,1
Chinaza Uche,1
Guillaume Canet,2
Kunle Remi,3
James Urbaniak,1
Nakia Burrise,2
Munachi Abii,1
Ashley Judd,3
Essence Atkins,3
Masakazu Morita,1
Phillipa Soo,1
Tia Lee,1
Ewen Leslie,1
Jason Momoa,1
Jeanine Yang,1
Ganesh Divekar,2
Sean Astin,2
Coco Martin,4
Yoon-ah Im,1
Tanner Buchanan,1
Yami Gautam,1
Janet Jackson,2
Vincent D'Onofrio,1
Reina Triendl,4
Dan Chameroy,1
Maria Bello,2
Mia Wasikowska,2
Damandeep Singh Baggan,3
Mukul Dev,1
Merry Clayton,1
Puttichai Kasetsin,1
Suthep Po-ngam,1
Montrail 'Money' Brown,1
Madelyn Cline,1
Yan Yu-lin,1
Shia LaBeouf,3
Joy Mathew,1
Benedict Wong,2
Marco Bocci,1
Bhisma Mulia,1
Mae Tan,1
Juana Acosta,2
Michelle Lang,1
Feyyaz Duman,1
Austin O'Brien,1
Andrew M. Gray,1
Juanita de Villiers,1
Jesús Sida,1
Efa Iwara,1
Anne-Marie Duff,1
Abdulaziz Alshehri,2
Michael Cera,1
Sun Ke-fang,1
Paulina Goto,1
Jay Paulson,1
Santhanam,1
Izumi Inamori,1
Dave Attell,1
Reza Rahadian,1
Paul Wesley,1
Tony Sun,1
Laurence Fishburne,1
Quincy Brown,1
John Cho,2
Evan Williams,1
Gugu Mbatha-Raw,1
Amel Bouchoucha,1
Sarena Parmar,1
Lil Peep,1
Ryu Seung-ryong,1
Halle Berry,2
Salah Zo El Faqqar,1
January Jones,2
Zeina,1
Huda Al Ghanim,1
Kunal Kapoor,1
Laurence Harvey,1
Felicity Ashton,1
Naomie Harris,2
Mark Stanley,1
Tom Berenger,1
Eddy Lee,2
Queen Wei,1
Janani Iyer,1
Michael Fassbender,2
Sandra Corveloni,2
Rob Brydon,2
Cory Doran,1
Song Jia,1
Salman Khan,5
Jeanine Mason,1
Nicholas Tse,1
Rob North,1
Omotola Jalade-Ekeinde,2
Dee Bradley Baker,2
Brian De Palma,1
Nathan Kress,2
Ahmed Abdelhafiz,1
Madhavan,2
Gary Cole,1
Nirmal Rishi,2
Heljä Heikkinen,1
Karim Leklou,2
Wayne Federman,1
Wendee Lee,2
Keir Gilchrist,2
Josselin Charier,1
Paul Hipp,1
Taylor Momsen,1
Molly Shannon,1
Amy Amika Klinprathum,1
Vanness Wu,1
Tom Hanks,3
Michael O'Neill,1
Charlie Cox,1
A.K. Hangal,1
Gemma Whelan,1
Leela Samson,2
Jon Bass,1
Phoebe Yuan,1
Chuck Zito,1
Kranti Prakash Jha,1
Alfonso Herrera,1
Mohammed Tharwat,1
Abhishek Chaubey,1
Daniel Southworth,1
Da Brat,1
Isariya Patharamanop,1
Michael Nouri,1
Aurora Ribero,1
Vikramjeet Virk,1
Daniel Day-Lewis,1
A.J. LoCascio,1
Madison Iseman,2
Day Mesquita,2
Arifin Putra,1
Natalia Livingston,1
Tom Van Dyck,1
Kim Tae-hee,2
Giacomo Ferrara,1
Abdel Imam Abdullah,1
Stephanie Panisello,1
Rotimi,1
Fourtwnty,1
Sam Concepcion,1
Dylan Wang,2
Patrick Warburton,1
Rupert Evans,1
Donny Boaz,1
Joaquín Ferreira,1
Ren Osugi,1
John Malkovich,2
Cláudia Okuno,1
Ty Olsson,1
Callum Shoniker,1
Dara Our,1
Jim Carter,1
Chris Distefano,1
Avani Modi,1
Rajpal Yadav,1
Isha Koppikar,1
Javier Bardem,1
Kathy Bates,2
Abhay Deol,2
Connor Lawrence,1
Tetsuji Tamayama,2
Alexia Twister,1
Ilias Addab,1
Parminder Ghumman,1
Ben Barnes,1
Andrew Bachelor,1
Iqbaal Ramadhan,2
Russ Walko,1
Calum Worthy,2
Osamu Saka,1
Tiffany Haddish,3
Addison Timlin,1
Sisanda Henna,1
S.J. Surya,1
Khaled Ameen,1
Vanessa Bell Calloway,1
Hrithik Roshan,2
Joju George,2
Rachel Dratch,1
Dingdong Dantes,2
Jonathan Demurger,1
Channegowda,1
Sylvia Hoeks,1
Casper Van Dien,3
Hasan Abdulfattah,1
Bidya Sinha Mim,1
Tommy Chong,1
Nikita Willy,1
David Thewlis,1
Adam Driver,1
Sreekanth Menon,1
David Harbour,2
John Eric Bentley,1
Susan Radder,1
Hong Kong,3
Finland,1
Devdutt Pattanaik,1
Joanne Tseng,1
Caroline Abras,2
Rita Lengyel,1
Kochu Preman,1
Arjun Mathur,2
Patrick Schwarzenegger,1
Wojciech Zieliński,1
Shunsuke Kariyama,1
Pol Monen,1
Ashish Verma,1
Martin Dingle-Wall,1
Russell Peters,1
Natassha,1
Tony Revolori,2
Rebecca Hall,2
Laura Linney,2
André Odendaal,1
Chang Chia-yu,1
Sam Palladio,1
Viola Davis,2
Fillip Gorenshtein,1
Sonali Bendre,1
Sahatchai 'Stop' Chumrum,1
Jamie Lee Curtis,2
Varalakshmi Sarathkumar,2
Jed Rees,1
Betty Ting Pei,1
Kingone Wang,1
Fann Wong,1
Peter Lorimer,1
Anastasios Soulis,1
Irving Peña,1
Deepti Kakkar,1
Hugo Chegwin,1
Josh Hutcherson,1
Shyam Benegal,1
Eddie Murphy,1
Mathilde Lin,1
Mark Duplass,2
Courteney Cox,1
Katherine Langford,2
Kirby Bliss Blanton,1
Yingsak Chonglertjetsadawong,2
Renae Bluitt,1
Matthew Mucci,1
Lucien Laviscount,3
Guru Somasundaram,1
Rajat Barmecha,1
Jung So-min,1
Rocky Bhardwaj,1
Tim Kalkhof,1
Hiroshi Tachi,1
Kimberley Louisa McBeath,1
Zofia Domalik,1
Tendai Nguni,1
Dylan Duffus,1
Jordan Calloway,1
Nehemiah Persoff,1
Ziad Rahbani,1
Aljin Abella,1
Jung Woo,1
Kami Desilets,1
Janelle Monáe,1
Maeshni Naicker,2
Lisa Norton,1
Geraldine Viswanathan,1
Júlia Rabello,1
Elaiza Ikeda,1
Hiroyuki Sanada,1
Alex Ekubo,1
Minissha Lamba,1
Jeon Yeo-bin,1
Christoffer Nelwan,1
Portia de Rossi,1
J.C. MacKenzie,1
Nicolas Bauwens,1
Leslie Zemeckis,1
Tovino Thomas,1
Fouad Yammine,1
Karamo Brown,2
Ruslaan Mumtaz,1
Banky Wellington,1
Sabyasachi Chakraborty,1
Rosemarie DeWitt,2
Kwon Ji-hye,1
Lili Taylor,1
B.N. Sharma,1
Charlotte Ritchie,1
Philippe Dusseau,1
Nkem Owoh,1
Jessica Simpson,1
Susanna Herbert,1
Jam Hsiao,1
Charles Demers,2
Vince Rillon,1
Yuen Biao,1
Nargis Fakhri,2
Frank Grillo,2
Cole Sand,1
Siddarth Jadhav,2
Julián Román,1
Ismail Alhassan,1
Ayushmann Khurrana,1
Shammi Kapoor,1
Jonathan Braylock,1
Alex Etel,1
Benjamin Helstad,1
Kavin Dave,1
Dana Hill,1
Ashley Benson,1
Hubert Delattre,1
Aishwarya Lekshmi,1
Maria Sobocińska,1
Dakota Goyo,1
Gim Young-eun,1
Vanna White,1
Masaharu Fukuyama,1
Rutledge Wood,2
Erin Fitzgerald,2
Harold Evans,1
Kunto Aji,1
Pranay Pachauri,1
Andrew Lincoln,1
Antonio Pedro Tabet,1
Hugh Laurie,2
Tim Oliver Schultz,1
Nadine Velazquez,1
Shai Avivi,1
Necati Bilgiç,1
Darshan Kumar,1
Matilda De Angelis,1
Rosie O'Donnell,1
Sherif Salama,1
Wilmer Valderrama,1
Derek Richardson,1
Adah Sharma,2
Kate Bristol,1
Trpimir Jurkic,1
Pimchanok Luevisadpaibul,1
Matt Stone,2
Vance Larena,1
William Lau,1
Tatjana Saphira,1
John Mark Loudermilk,1
Sara Lazzaro,1
Angela Trimbur,2
Manav Kaul,2
Chia Yung Liu,1
South Africa,2
Alicia Vikander,2
Angela Kinsey,1
Julian Cheung,1
Kelly Kruger,1
Shatrughan Sinha,1
Kevin Costner,1
Zoë Kravitz,1
Andrea Beltrão,1
Joy,1
Timothée Chalamet,1
Alexa Chung,1
Katie Findlay,1
Yoo In-na,1
Jacki Weaver,2
Vijay Maurya,1
Song Yoon-a,2
Walter Pidgeon,1
Archie Renaux,1
Jimmy Jean-Louis,2
Ungsumalynn Sirapatsakmetha,1
Ashley Tisdale,2
Lee Sang,1
Mahiro Takasugi,1
Chris D'Elia,1
Kritika Avasthi,1
Talia Shire,5
Mawuli Gavor,1
Mélanie Laurent,3
Bob Odenkirk,1
So-yeon Kim,1
Jim Iyke,3
Judy Greer,3
James Wong,1
Meyer DeLeeuw,1
Glen Campbell,1
Ayesha Takia,1
Rie Kugimiya,2
Nozomi Sasaki,1
Sutatta Udomsilp,1
Arun Dravid,1
Flame Monroe,1
David Letterman,1
Allan Kournikova,1
Mao Daichi,1
Phiravich Attachitsataporn,1
Noah Centineo,5
Nathalie Baye,1
Siddhant Kapoor,1
Jason Dolley,1
David Faustino,1
Joe Chen,1
Wilfred Benaïche,1
Kalpana,1
Lan Cheng-lung,1
Laurent Lucas,1
Park Bo-gum,1
Josh Brolin,1
Diane Lane,3
Dontrell Bright,1
Bresha Webb,1
Lloyd Owen,1
Nicole Kidman,6
Tamara Kiper,1
Aldo Tansani,1
Christian Convery,1
Susan Wokoma,1
Patricia Ja Lee,1
Antonia Thomas,1
Cheryl Yang,2
Etienne Chicot,1
Ash Stymest,1
Ja'Siah Young,1
Trace Adkins,2
Mike Vogel,2
Sheila Campbell,1
Sebastián Rulli,2
Oabnithi Wiwattanawarang,1
Macarena García,2
Sebastian Eslava,1
Kiana Madeira,1
Madhura Velankar,1
Chuxiao Qu,1
Claudine Barretto,1
Adam Godley,1
Colleen Smith,1
Pablo Granados,1
Anumegha Banerjee,1
Lucy Fry,1
Jasleen Singh,2
Jude Chukwuka,1
Vince Vaughn,1
Stephanie Courtney,1
Verónica Echegui,1
Billy Porter,1
Paul Riley,1
Satsuki Yukino,8
Jessica Gee-George,1
Anya Chalotra,3
Gideon Okeke,2
Johnny Depp,2
Calvin Roberson,1
Chayanit Chansangavej,1
Noémie Schmidt,1
Chandini Chowdary,1
Alan Arkin,1
Boyd Holbrook,1
Jaime King,2
Matthieu Lucci,1
Jung Chae-yeon,1
Ahn Hyo-seop,1
Chris Pine,1
Nana Patekar,3
Wade Allain-Marcus,1
Sushant Singh,1
Miguel Ángel Silvestre,2
Adriana Ozores,1
Akram Hosny,1
Alex Fernández,1
Ma Zhengyang,1
Bob Balaban,2
Amy Tsang,1
Peter Dinklage,1
Francesco Scianna,1
Sterling Beaumon,1
Emilie de Ravin,1
Adrian Ladron,1
Nemo Schiffman,1
Stephen Baldwin,1
Bimbo Manuel,2
Mert Turak,2
Atchareeya Potipipittanakorn,1
Qian Chen,1
Donny Lucas,1
Ashutosh Rana,1
Sam Neill,4
James Stewart,1
Nora Fatehi,1
Benedict Cumberbatch,2
Iván Marín,1
Cho Jung-seok,2
Tom Rhys Harries,1
Mali Harries,1
Sarah Stern,1
Apirak Samudkitpaisan,1
Reinout Scholten van Aschat,1
Liam Whaley,1
Vibhawari Deshpande,1
Jesse Williams,1
Kevin Guthrie,1
Akah Nnani,1
Josh Gad,1
Sylvester Stallone,1
Domhnall Gleeson,2
Luke Goss,1
Jaden Smith,1
Goran Visnjic,1
Fumiko Orikasa,4
Miguel Rodarte,1
Danilo Kamperidis,1
Mae Whitman,3
Andrea Osvárt,1
Busta Rhymes,1
Burt Reynolds,2
Faith Fidel,1
Desiree Akhavan,1
Broda Shaggi,1
Tiffani Thiessen,1
Gabriel Porras,1
Kathryn Drysdale,2
David Menkin,1
Trevor Devall,1
Jessica Lindsey,1
Ching-Ying Lam,1
Cristin Milioti,1
Daniel DeSanto,1
Dwight Yoakam,1
Saki Tsukamoto,1
Aaron Taylor-Johnson,2
Om Puri,2
Tomoaki Maeno,1
Sandrine Kretz,1
Jerry Seinfeld,1
Danny DeVito,2
Parker Sevak,1
Dan Kuenster,1
Isaach De Bankolé,1
Shaila Sabt,2
Matthew Hussey,1
Kim Hawthorne,1
Patton Oswalt,2
Kevin Kline,3
Katie Holmes,1
Pablo Gama Iturrarán “Mago Gamini”,1
Naga Vishal,1
Jessica Clark,1
Sophia Morrison,1
Sean Connery,1
Kim Coates,1
Erika Harlacher,1
Jeon So-nee,1
Adipati Dolken,2
Jazz Baduwalia,1
Buddy Vedder,1
Julie Lemieux,2
Sabina Gadecki,1
Janyse Jaud,1
James Woods,1
Paolo Vaccarino,1
Olimpia Melinte,1
Barry Keoghan,1
Ghanem Al-Saleh,1
Joaquín Furriel,3
Timon Kyle Durrett,2
Dana Carvey,1
Anairis Quiñones,1
Joel Coen,1
Lee Min-ho,1
Farhan Akhtar,1
Valerio Mastandrea,1
Paopetch Charoensook,1
Elena Anaya,1
Tobias Kersloot,1
Nicola Coughlan,1
Su Ae,1
Pimpakan Bangchawong,1
Makenzie Moss,1
Amiel Cayo,1
Asana Alhassan,1
Dayci Brookshire,2
Holly Hunter,2
Hinaki Yano,1
Kirsten Day,2
Omari Hardwick,2
Skyler Gisondo,1
Kerry Bishé,1
Chris Kendrick,1
Dante Crichlow,1
Nisa Sofiya Aksongur,1
Ajay Devgn,3
Kan Kantathavorn,1
Hana Sugisaki,1
Rukshar Dhillon,1
Fele Martínez,1
Hisham Suliman,1
Mary Lynn Rajskub,1
Lisa-Marie Koroll,4
Elijah Wood,1
Luciano Mellera,1
Forest Whitaker,2
Patricia Castañeda,1
Kim Seon-ho,1
Mike Tyson,1
Andre Braugher,1
Takehito Koyasu,2
Kiyoshi Kobayashi,1
Chantal Lauby,1
Yash Shashank Dholye,1
Xiang Yun,1
Robert Beltran,1
Jessica Lucas,1
Rakeen Sa'ad,1
Shawn Yue,4
Demi Lovato,1
Keanu Reeves,4
Amy Huberman,1
Alec Baldwin,4
Paul Kenny,1
Mariana Nunes,1
Bess Armstrong,1
Lin Laishram,1
Edward Norton,4
Guillaume Gallienne,1
Brian Hooks,1
Jasmine Trinca,2
Alli Neumann,1
Scottie Pippen,1
Ceren Moray,2
John Hawkes,2
Govind Namdeo,1
Catherine Taber,1
Kévin Mischel,1
Bjarke Ingels,1
Ethan Hawke,1
Vicky Kaushal,2
Adrian Pasdar,1
Mark Hamill,2
Sun-Young Park,1
Beyoncé Knowles-Carter,1
Richa Chadha,1
Sarun Cinsuvapala,1
Josh Whitehouse,1
Forrest Goodluck,1
Harrison Holzer,1
Ashley Bell,1
Denis Ménochet,1
Billy Kametz,1
Bjørnar Teigen,1
Michael C. Hall,2
Siddharth Chandekar,1
Igal Naor,1
Han Hyo-joo,1
Vera Farmiga,3
Anna Faris,2
Richard Gutierrez,1
Tora Sudiro,1
Maria Merlino,1
Emilio Sakraya,1
Sarah Gadon,2
Shelley Winters,2
Guillermo del Toro,1
Dele Odule,1
DMX,2
Rikiya Koyama,1
Yim Chau-wah,1
Yousra El Lozy,1
Steven Yeun,4
Meghanathan,1
Aaron Eckhart,4
Tinker Hatfield,1
Rajshri Deshpande,1
Viineet Kumar,1
Flavio Parenti,1
Egypt,3
Scott Glaves,1
Hashem El Garhy,1
Rila Fukushima,1
Ricky Whittle,1
Elizabeth Perkins,1
Oscar Isaac,2
Uruguay,4
Elarica Johnson,1
Jishu Sengupta,1
Haroun Fall,1
